_id,createdAt,identityEthAddress,rewardsEthAddress,roles,updatedAt,username
61f71fea102583655ce2fdf0,2022-03-03T09:46:50.457Z,0x1d921dff757610FbDB0073479e12c0a07d382677,0x1d921dff757610FbDB0073479e12c0a07d382677,"[""USER"",""QUANTIFIER""]",2022-06-09T17:27:54.461Z,eduardovegap
61ef29cf102583655ce10ab5,2022-03-03T09:46:50.458Z,0xa32aECda752cF4EF89956e83d60C04835d4FA867,0xa32aECda752cF4EF89956e83d60C04835d4FA867,"[""USER"",""ADMIN"",""QUANTIFIER""]",2022-06-14T08:17:43.079Z,kristofer
61ef29fa29d4c3e6c0b04dfe,2022-03-03T09:46:50.458Z,0x826976d7C600d45FB8287CA1d7c76FC8eb732030,0x826976d7C600d45FB8287CA1d7c76FC8eb732030,"[""ADMIN"",""USER""]",2022-06-10T20:02:57.343Z,0x826976d7C600d45FB8287CA1d7c76FC8eb732030
61efaed3102583655ce12be5,2022-03-03T09:46:50.458Z,0x4565975570b093cA1cA7df3Ee293E6D7d38b6827,0x4565975570b093cA1cA7df3Ee293E6D7d38b6827,"[""USER""]",2022-03-03T09:46:50.458Z,0x4565975570b093cA1cA7df3Ee293E6D7d38b6827
61efc301102583655ce13030,2022-03-03T09:46:50.458Z,0x5b7f5576BbB0b740648d63f197a68953a5595eb1,0x5b7f5576BbB0b740648d63f197a68953a5595eb1,"[""USER""]",2022-03-08T08:23:17.183Z,0x5b7f5576BbB0b740648d63f197a68953a5595eb1
61f07c6c102583655ce15898,2022-03-03T09:46:50.458Z,0x00E5d9C7A813E525AE0FA12c712969E3Cb6a31d7,0x00E5d9C7A813E525AE0FA12c712969E3Cb6a31d7,"[""USER""]",2022-05-21T21:17:58.443Z,0x00E5d9C7A813E525AE0FA12c712969E3Cb6a31d7
61f0827f102583655ce159fd,2022-03-03T09:46:50.459Z,0x3E31155a1c17c9F85e74828447aec412090a4622,0x3E31155a1c17c9F85e74828447aec412090a4622,"[""USER"",""QUANTIFIER""]",2022-05-11T01:08:56.240Z,lee0007
61f0839d102583655ce15a56,2022-03-03T09:46:50.459Z,0x536c7E8F18D09d04697E0d2624b44bBA575388c2,0x536c7E8F18D09d04697E0d2624b44bBA575388c2,"[""USER"",""QUANTIFIER""]",2022-06-07T18:11:40.548Z,AmwFund
61f0da6c102583655ce16ce9,2022-03-03T09:46:50.459Z,0x1bE3505328880F1f204c664d430a9d2817d9D4cc,0x1bE3505328880F1f204c664d430a9d2817d9D4cc,"[""USER"",""QUANTIFIER""]",2022-06-09T03:13:36.998Z,teaci
61f13fd3102583655ce182e5,2022-03-03T09:46:50.459Z,0x7710E7e881333Fd3396Ca5966BeD6E72746b612D,0x7710E7e881333Fd3396Ca5966BeD6E72746b612D,"[""USER"",""QUANTIFIER""]",2022-05-11T04:57:40.022Z,Mettodo
61f15bb3102583655ce188fc,2022-03-03T09:46:50.459Z,0x0Bf920dfE6D36829aB5b0e153857D4CA689E46fB,0x0Bf920dfE6D36829aB5b0e153857D4CA689E46fB,"[""USER"",""QUANTIFIER""]",2022-05-11T17:53:54.209Z,Nuggan
61f1650f102583655ce18b7b,2022-03-03T09:46:50.460Z,0xd0ef3a2Ae7Fb496C0897400f1be46693B6183B0a,0xd0ef3a2Ae7Fb496C0897400f1be46693B6183B0a,"[""USER""]",2022-04-04T19:39:26.698Z,sidcode
61f16924102583655ce18cbc,2022-03-03T09:46:50.460Z,0xc68e8827FC1Dd3b2bc94Ca8b0228268f16dd6cf6,0xc68e8827FC1Dd3b2bc94Ca8b0228268f16dd6cf6,"[""USER"",""QUANTIFIER""]",2022-05-07T02:55:43.339Z,shawn
61f16ff2102583655ce18eca,2022-03-03T09:46:50.460Z,0xd3898129d4acb0F8039b1B9D6367B236F1E6100f,0xd3898129d4acb0F8039b1B9D6367B236F1E6100f,"[""USER"",""QUANTIFIER""]",2022-06-07T15:28:26.679Z,tigeroid
61f17525102583655ce19043,2022-03-03T09:46:50.460Z,0xF8D1d34956cEa24718cf8687588D6FeDbc6d9AA6,0xF8D1d34956cEa24718cf8687588D6FeDbc6d9AA6,"[""ADMIN"",""USER"",""QUANTIFIER""]",2022-06-06T21:45:40.180Z,liviade
61f1964c102583655ce195bd,2022-03-03T09:46:50.460Z,0xF48D4780a886900c263E72d475b1d8b0C7e5A987,0xF48D4780a886900c263E72d475b1d8b0C7e5A987,"[""USER""]",2022-03-18T18:33:11.120Z,calazki
61f19ca0102583655ce19782,2022-03-03T09:46:50.460Z,0x2fA130927814B590623031e846f059df9554FdDe,0x2fA130927814B590623031e846f059df9554FdDe,"[""ADMIN"",""USER"",""QUANTIFIER"",""FORWARDER""]",2022-06-13T17:46:13.686Z,Vyvy-vi
61f2a8b8102583655ce1d0d7,2022-03-03T09:46:50.460Z,0xAa01DeC5307CF17F20881A3286dcaA062578cea7,0xAa01DeC5307CF17F20881A3286dcaA062578cea7,"[""USER"",""QUANTIFIER""]",2022-05-01T08:27:25.692Z,PhilH
61f2a963102583655ce1d137,2022-03-03T09:46:50.460Z,0x320c338BCF70bAAaE26e96201C33B48105Bc62C2,0x320c338BCF70bAAaE26e96201C33B48105Bc62C2,"[""FORWARDER"",""ADMIN"",""USER"",""QUANTIFIER""]",2022-06-06T21:59:31.094Z,divine_comedian
61f2aecc102583655ce1f12c,2022-03-03T09:46:50.460Z,0xFe99402763531258875949D449db20157b77Ec5C,0xFe99402763531258875949D449db20157b77Ec5C,"[""USER"",""QUANTIFIER""]",2022-06-06T15:03:48.009Z,osycross(ü¶éü¶é)
61f2b65f102583655ce1f41f,2022-03-03T09:46:50.461Z,0xB08F0ca73E8A59a1b7970e22B8ed2F9142c3fA53,0xB08F0ca73E8A59a1b7970e22B8ed2F9142c3fA53,"[""USER"",""QUANTIFIER""]",2022-06-15T21:48:50.320Z,GideonRo
61f2ce27102583655ce1f93c,2022-03-03T09:46:50.461Z,0xaa79B87DC8B046A5E4f7D03F1562D7fe5BF98737,0xaa79B87DC8B046A5E4f7D03F1562D7fe5BF98737,"[""USER"",""QUANTIFIER""]",2022-05-09T17:17:05.207Z,Zeptimus
61f340e1102583655ce21245,2022-03-03T09:46:50.461Z,0x914C0E63F98a091e74b7c5e78993bB8de735aE74,0x914C0E63F98a091e74b7c5e78993bB8de735aE74,"[""USER"",""QUANTIFIER""]",2022-06-08T06:15:52.208Z,Usua‚óé Silver
61f37656102583655ce21e35,2022-03-03T09:46:50.461Z,0x2D96e1FE38ff45CC8910C617b3c5E0B6298a81f3,0x2D96e1FE38ff45CC8910C617b3c5E0B6298a81f3,"[""USER""]",2022-03-25T14:51:15.074Z,0x2D96e1FE38ff45CC8910C617b3c5E0B6298a81f3
61f2dbf9102583655ce1fc4a,2022-03-03T09:46:50.461Z,0xE42F8E2c4b778Fcd572C55e457ED77DB4cB20A69,0xE42F8E2c4b778Fcd572C55e457ED77DB4cB20A69,"[""USER""]",2022-04-21T12:41:06.416Z,Parrachia
61f54e58102583655ce2893a,2022-03-03T09:46:50.461Z,0x128b7E7F0Bfa7CdA46bB4728A0DA88dBaA095026,0x128b7E7F0Bfa7CdA46bB4728A0DA88dBaA095026,"[""USER""]",2022-03-07T13:20:48.927Z,bfa
61f8630a102583655ce34e7c,2022-03-03T09:46:50.461Z,0x0B4391112E75D3F6Ab0c24cB2f824446ee65dc64,0x0B4391112E75D3F6Ab0c24cB2f824446ee65dc64,"[""USER""]",2022-03-03T09:46:50.461Z,0x0B4391112E75D3F6Ab0c24cB2f824446ee65dc64
61f86e2d102583655ce35186,2022-03-03T09:46:50.461Z,0xc172542e7F4F625Bb0301f0BafC423092d9cAc71,0xc172542e7F4F625Bb0301f0BafC423092d9cAc71,"[""USER""]",2022-03-03T09:46:50.461Z,0xc172542e7F4F625Bb0301f0BafC423092d9cAc71
61fa5029102583655ce3b876,2022-03-03T09:46:50.461Z,0x979b371dEBdE2eDd03C94D8fd2324C6eDd7A84EC,0x979b371dEBdE2eDd03C94D8fd2324C6eDd7A84EC,"[""USER""]",2022-03-03T09:46:50.461Z,0x979b371dEBdE2eDd03C94D8fd2324C6eDd7A84EC
61f95037102583655ce381d1,2022-03-03T09:46:50.461Z,0x4d5Dd4d81D773c05cE27AbA03e2f3E346c3F8E54,0x4d5Dd4d81D773c05cE27AbA03e2f3E346c3F8E54,"[""USER""]",2022-03-21T19:08:43.404Z,0x4d5Dd4d81D773c05cE27AbA03e2f3E346c3F8E54
61fbe968102583655ce41da5,2022-03-03T09:46:50.461Z,0x6Ceb397b68059Ca73049874D0a30c62500aE9877,0x6Ceb397b68059Ca73049874D0a30c62500aE9877,"[""USER""]",2022-03-03T09:46:50.461Z,0x6Ceb397b68059Ca73049874D0a30c62500aE9877
61fc318c102583655ce43043,2022-03-03T09:46:50.461Z,0x839395e20bbB182fa440d08F850E6c7A8f6F0780,0x839395e20bbB182fa440d08F850E6c7A8f6F0780,"[""USER""]",2022-04-28T18:50:01.183Z,"griff (üíú, üíú)"
6200c476102583655ce5297b,2022-03-03T09:46:50.461Z,0x89010e1adB2E3E90E7f94245090615c297C733De,0x89010e1adB2E3E90E7f94245090615c297C733De,"[""USER""]",2022-03-03T09:46:50.461Z,0x89010e1adB2E3E90E7f94245090615c297C733De
61f84f25102583655ce34354,2022-03-03T09:46:50.461Z,0x59AE7f21D18b2F5fDC7a99c4fd6dD9E67Cec0Bc9,0x59AE7f21D18b2F5fDC7a99c4fd6dD9E67Cec0Bc9,"[""USER""]",2022-03-03T09:46:50.461Z,0x59AE7f21D18b2F5fDC7a99c4fd6dD9E67Cec0Bc9
6214127a102583655ce9addd,2022-03-03T09:46:50.461Z,0xdE2BE7C9C542c55a7a77489A3A7745493988947F,0xdE2BE7C9C542c55a7a77489A3A7745493988947F,"[""USER""]",2022-03-03T09:46:50.461Z,0xdE2BE7C9C542c55a7a77489A3A7745493988947F
62178244102583655cea761c,2022-03-03T09:46:50.462Z,0x3c6fd6c7dA330d982DC4b4A3528b76D669E0DCa7,0x3c6fd6c7dA330d982DC4b4A3528b76D669E0DCa7,"[""USER""]",2022-03-03T09:46:50.462Z,0x3c6fd6c7dA330d982DC4b4A3528b76D669E0DCa7
62208f1e95a79aa514367eb3,2022-03-03T09:49:18.176Z,0xa2608614d3038A334AC0d0f341441C978862018b,0xa2608614d3038A334AC0d0f341441C978862018b,"[""USER""]",2022-03-03T09:49:27.303Z,0xa2608614d3038A334AC0d0f341441C978862018b
6220d6d395a79aa51436bc02,2022-03-03T14:55:15.773Z,0xcf79C7EaEC5BDC1A9e32D099C5D6BdF67E4cF6e8,0xcf79C7EaEC5BDC1A9e32D099C5D6BdF67E4cF6e8,"[""USER"",""QUANTIFIER""]",2022-05-31T11:21:55.486Z,Tam2140
6220d9c695a79aa51436bece,2022-03-03T15:07:50.360Z,0x6897aBe0fD62B589260784B21F4ca3F78A0D8017,0x6897aBe0fD62B589260784B21F4ca3F78A0D8017,"[""USER"",""QUANTIFIER""]",2022-05-12T17:29:05.133Z,enti
62211eae95a79aa51436f8c1,2022-03-03T20:01:50.094Z,0x1E975f53956d644868F3eA25690b1bbEda658565,0x1E975f53956d644868F3eA25690b1bbEda658565,"[""USER"",""QUANTIFIER""]",2022-05-25T13:42:47.618Z,bends
6221c76d6cf31bb86ae81364,2022-03-04T08:01:49.230Z,0xc617C1B5c78E76aaA33e6d1964b24A4f923077f7,0xc617C1B5c78E76aaA33e6d1964b24A4f923077f7,"[""USER""]",2022-06-02T18:11:49.399Z,0xc617C1B5c78E76aaA33e6d1964b24A4f923077f7
622272796cf31bb86ae85df5,2022-03-04T20:11:37.220Z,0x81443887E6Aef75de940B7244783f896B1c034Ca,0x81443887E6Aef75de940B7244783f896B1c034Ca,"[""USER""]",2022-03-16T13:56:56.802Z,0x81443887E6Aef75de940B7244783f896B1c034Ca
62233c316cf31bb86ae8b42b,2022-03-05T10:32:17.070Z,0xcdAEb3bCE9Df386b574F2AeFB06b9a2a156835b4,0xcdAEb3bCE9Df386b574F2AeFB06b9a2a156835b4,"[""USER""]",2022-03-07T13:20:16.125Z,Blancs
622394ad6cf31bb86ae8d9f7,2022-03-05T16:49:49.330Z,0x8aA27E90E139d5AB5704df69429341cbCb2d2464,0x8aA27E90E139d5AB5704df69429341cbCb2d2464,"[""USER"",""QUANTIFIER""]",2022-05-24T05:28:25.220Z,acidlazzer
6225002d6cf31bb86ae975f3,2022-03-06T18:40:45.424Z,0x46D79ec988A2f603477e81Ff2C0C7EDeF3901145,0x46D79ec988A2f603477e81Ff2C0C7EDeF3901145,"[""USER""]",2022-06-06T18:37:02.132Z,Sha
62257e6f6cf31bb86ae9adb6,2022-03-07T03:39:27.266Z,0x8Aac40061E258d6e45Fd13E214710ABDF356285a,0x8Aac40061E258d6e45Fd13E214710ABDF356285a,"[""USER""]",2022-03-18T00:35:21.631Z,metaverde
622762936cf31bb86aeab3d6,2022-03-08T14:05:07.764Z,0xa2ef65aEcecb83cd1bD3579A8669779099317952,0xa2ef65aEcecb83cd1bD3579A8669779099317952,"[""FORWARDER"",""USER"",""QUANTIFIER""]",2022-05-11T03:37:57.889Z,Mount Manu
6227690a6cf31bb86aeac32d,2022-03-08T14:32:42.986Z,0xBCAD90F4a1ED4067d9bC33D4089FF18A82250253,0xBCAD90F4a1ED4067d9bC33D4089FF18A82250253,"[""USER"",""QUANTIFIER""]",2022-06-09T16:04:39.069Z,innov8tor3
622932956cf31bb86aec8e3c,2022-03-09T23:04:53.830Z,0x66dF5A7715C5D4AfbBFA52435c66aa20733be0d1,0x66dF5A7715C5D4AfbBFA52435c66aa20733be0d1,"[""USER""]",2022-04-13T18:04:46.742Z,natesuits
623231356cf31bb86af1cdc3,2022-03-16T18:49:25.290Z,0x1f83A7b86480E6142A85558Ef6999f6091041906,0x1f83A7b86480E6142A85558Ef6999f6091041906,"[""USER"",""QUANTIFIER""]",2022-06-07T21:53:29.589Z,zhiwei
6233656f6cf31bb86af2d4f6,2022-03-17T16:44:31.128Z,0x3F20a6fE04b3A4b37bBBBea826ae23be56Baed74,0x3F20a6fE04b3A4b37bBBBea826ae23be56Baed74,"[""USER"",""QUANTIFIER""]",2022-05-25T18:46:58.921Z,Maxwe11
6233c5d26cf31bb86af31282,2022-03-17T23:35:46.777Z,0x8d0F52e2A9d9fF7F4a6952C32552dEAd4f732DD5,0x8d0F52e2A9d9fF7F4a6952C32552dEAd4f732DD5,"[""USER""]",2022-05-26T15:43:11.468Z,0x8d0F52e2A9d9fF7F4a6952C32552dEAd4f732DD5
6234a3c36cf31bb86af3f079,2022-03-18T15:22:43.249Z,0x711CDABCFdEDEf2c82D9dA533268D8bB6b7468f8,0x711CDABCFdEDEf2c82D9dA533268D8bB6b7468f8,"[""USER"",""QUANTIFIER""]",2022-05-12T10:18:56.762Z,hanners717
6234a8376cf31bb86af3ff81,2022-03-18T15:41:43.691Z,0x457Ea659aAAbD496550264c6d9d6351666f2fB4b,0x457Ea659aAAbD496550264c6d9d6351666f2fB4b,"[""USER"",""QUANTIFIER""]",2022-04-26T18:03:34.609Z,Mike Brunt
623735846cf31bb86af62e79,2022-03-20T14:09:08.482Z,0x7C3c0A890fD34f6aB5cfAA98a4a698B0ff1E26F0,0x7C3c0A890fD34f6aB5cfAA98a4a698B0ff1E26F0,"[""USER""]",2022-03-20T14:09:14.350Z,0x7C3c0A890fD34f6aB5cfAA98a4a698B0ff1E26F0
623ccbab71e68891990eb396,2022-03-24T19:51:07.528Z,0x47a5BA5BE900fC22AD31BEC4c1ff54Df8e67cd70,0x47a5BA5BE900fC22AD31BEC4c1ff54Df8e67cd70,"[""USER"",""QUANTIFIER"",""FORWARDER""]",2022-06-06T21:16:56.086Z,bear100
623f4e8b71e688919910caf2,2022-03-26T17:34:03.960Z,0xED23B82A6b1b0d2e75b87c01B0FDc7fCfb49f456,0xED23B82A6b1b0d2e75b87c01B0FDc7fCfb49f456,"[""USER""]",2022-03-26T17:34:10.160Z,0xED23B82A6b1b0d2e75b87c01B0FDc7fCfb49f456
62407cef71e68891991170c6,2022-03-27T15:04:15.240Z,0x33F85D476b63B39F0A597D40FCFFA3B0D47b6090,0x33F85D476b63B39F0A597D40FCFFA3B0D47b6090,"[""USER""]",2022-04-09T05:07:58.239Z,0x33F85D476b63B39F0A597D40FCFFA3B0D47b6090
624267dc71e68891991388a1,2022-03-29T01:58:52.313Z,0xa1c1cDF8591BB5f47B5751AD7173A7bb331b3dFD,0xa1c1cDF8591BB5f47B5751AD7173A7bb331b3dFD,"[""USER""]",2022-03-29T01:58:55.064Z,0xa1c1cDF8591BB5f47B5751AD7173A7bb331b3dFD
6244a26a71e6889199167da2,2022-03-30T18:33:14.474Z,0xB22981bA3FE1De2325935c91a3B717168fB86714,0xB22981bA3FE1De2325935c91a3B717168fB86714,"[""USER""]",2022-05-16T17:16:18.547Z,chuygarcia.eth
6245f8f971e688919919847a,2022-03-31T18:54:49.249Z,0xdD505DA2e2A8017f38a715948c6b6A2922ba27f0,0xdD505DA2e2A8017f38a715948c6b6A2922ba27f0,"[""USER""]",2022-05-12T12:13:24.381Z,test-target
624604c271e6889199199198,2022-03-31T19:45:06.416Z,0x1375847014BA64517210cBFE185808232Cf45d4a,0x1375847014BA64517210cBFE185808232Cf45d4a,"[""USER""]",2022-05-05T19:02:01.585Z,BiancaGadelha
62460d1f71e6889199199ada,2022-03-31T20:20:47.124Z,0x182312C44a219fD492F3aE177D11120a3CcD2EF3,0x182312C44a219fD492F3aE177D11120a3CcD2EF3,"[""USER""]",2022-05-25T18:11:40.214Z,mattyjee
6246423871e688919919be26,2022-04-01T00:07:20.651Z,0x2f1f672c7A55679cB3ACBF9AAcfb55b61738b045,0x2f1f672c7A55679cB3ACBF9AAcfb55b61738b045,"[""USER""]",2022-04-01T22:44:46.292Z,Shardul
624645aa71e688919919c046,2022-04-01T00:22:02.696Z,0xbE6f56Ed9E10E5F58876F7bDF1C83EeDaa721fbc,0xbE6f56Ed9E10E5F58876F7bDF1C83EeDaa721fbc,"[""USER"",""QUANTIFIER""]",2022-05-25T16:16:55.274Z,missgene
6246e1d571e68891991a24cb,2022-04-01T11:28:21.011Z,0xA3FcC4d905f381C5e9392207Bf7918ef01B1ba44,0xA3FcC4d905f381C5e9392207Bf7918ef01B1ba44,"[""FORWARDER"",""USER""]",2022-04-01T11:28:21.011Z,iviangita
6246f4bc71e68891991a3080,2022-04-01T12:49:00.077Z,0x38f80f8f76B1C44B2beeFB63bb561F570fb6ddB6,0x38f80f8f76B1C44B2beeFB63bb561F570fb6ddB6,"[""FORWARDER"",""USER""]",2022-04-01T12:49:00.077Z,freshelle
6246f54a71e68891991a30d8,2022-04-01T12:51:22.998Z,0x852B8763ECB27bEdDC190d1792029bc17FD5439a,0x852B8763ECB27bEdDC190d1792029bc17FD5439a,"[""USER""]",2022-04-01T12:51:22.998Z,akrtws (TE Academy)
62477bbc71e68891991aaa94,2022-04-01T22:25:00.308Z,0x33878e070db7f70D2953Fe0278Cd32aDf8104572,0x33878e070db7f70D2953Fe0278Cd32aDf8104572,"[""USER""]",2022-04-01T22:25:00.308Z,ahmad
62477cdc71e68891991aab4b,2022-04-01T22:29:48.501Z,0x155b6485305CcaB44EF7da58AC886C62cE105CF9,0x155b6485305CcaB44EF7da58AC886C62cE105CF9,"[""USER""]",2022-04-01T22:29:48.501Z,gnosis.elbuho
62477e1671e68891991aac10,2022-04-01T22:35:02.010Z,0x151a64570e4997739458455ba4ab5A535FD2E306,0x151a64570e4997739458455ba4ab5A535FD2E306,"[""USER""]",2022-04-01T22:35:02.010Z,dghelm
62477ea171e68891991aac69,2022-04-01T22:37:21.916Z,0x6C965b656C450259a6D4d95A2E68Fb4319EecBc0,0x6C965b656C450259a6D4d95A2E68Fb4319EecBc0,"[""USER""]",2022-04-01T22:37:21.916Z,Rohekbenitez
6247a58271e68891991ac72f,2022-04-02T01:23:14.583Z,0xC19A8A1E9f2059138A3D11a7335FD215694e088a,0xC19A8A1E9f2059138A3D11a7335FD215694e088a,"[""USER""]",2022-04-02T01:23:14.583Z,hz
6247ce5771e68891991ae01c,2022-04-02T04:17:27.436Z,0x9B2d6e2d5Ef25C0454AbaA392Fcd9796E05567C9,0x9B2d6e2d5Ef25C0454AbaA392Fcd9796E05567C9,"[""USER""]",2022-04-02T04:19:13.970Z,Globallager
6247cf0d71e68891991ae1b7,2022-04-02T04:20:29.909Z,0x2Bf034ecCEbc8CD60Dab9c249b6c2996Dcb7D8EC,0x2Bf034ecCEbc8CD60Dab9c249b6c2996Dcb7D8EC,"[""USER""]",2022-04-02T04:20:29.909Z,üêôMusashi13
62480a8a71e68891991b0c05,2022-04-02T08:34:18.706Z,0x8FdC1f4191a1d6B35117E475ccf6aD1FB4485248,0x8FdC1f4191a1d6B35117E475ccf6aD1FB4485248,"[""USER""]",2022-04-02T08:34:18.706Z,jh
6248fe2471e68891991bd755,2022-04-03T01:53:40.282Z,0x1c1BFC1763C8E88FcccE1B57eEfc79a461FA4944,0x1c1BFC1763C8E88FcccE1B57eEfc79a461FA4944,"[""USER""]",2022-04-05T19:53:13.133Z,ALOYSIOUS
62492c6871e68891991bf398,2022-04-03T05:11:04.936Z,0xEf0391ccbebf15fc84334D9630255093754cDAAB,0xEf0391ccbebf15fc84334D9630255093754cDAAB,"[""USER"",""QUANTIFIER""]",2022-06-06T01:38:16.165Z,boonjue.eth
6249487071e68891991c04be,2022-04-03T07:10:40.876Z,0xCa63608615DE005339652C0ECA93C5836eB0C2BD,0xCa63608615DE005339652C0ECA93C5836eB0C2BD,"[""USER""]",2022-04-03T07:10:40.876Z,Jeremy&TheGospelOfChange
62497e0d71e68891991c25ed,2022-04-03T10:59:25.244Z,0xF27838B0c3bA2eEe13B6eD3Fe13a90ef7b57a2cc,0xF27838B0c3bA2eEe13B6eD3Fe13a90ef7b57a2cc,"[""USER""]",2022-05-19T09:28:07.524Z,markop
6249e9a571e68891991c8c92,2022-04-03T18:38:29.122Z,0x363Cd931403c4A7251E064bD26E7542ea9699f5c,0x363Cd931403c4A7251E064bD26E7542ea9699f5c,"[""USER""]",2022-04-03T18:38:29.122Z,evanjacobs
624b4c9371e68891991dce84,2022-04-04T19:52:51.936Z,0x88B353202e61fffeF56bbfbc2748839e7C707e9F,0x88B353202e61fffeF56bbfbc2748839e7C707e9F,"[""USER""]",2022-04-04T19:53:26.538Z,nic
624b6d9171e68891991dff34,2022-04-04T22:13:37.354Z,0x1F9E7984eDdb135ab6D6f354E229970bB332dCC4,0x1F9E7984eDdb135ab6D6f354E229970bB332dCC4,"[""USER""]",2022-04-04T22:13:37.354Z,teresacd
624bff3771e68891991e8ad7,2022-04-05T08:35:03.067Z,0x62edAaC42aDd454EBf7f228F50EC8093ea446176,0x62edAaC42aDd454EBf7f228F50EC8093ea446176,"[""USER""]",2022-04-05T08:37:17.589Z,Jeanne
624c221971e68891991ea3ae,2022-04-05T11:03:53.312Z,0x9F6b969Ee3F9C2b0a528b3029049e34BBD4bdB49,0x9F6b969Ee3F9C2b0a528b3029049e34BBD4bdB49,"[""USER"",""QUANTIFIER""]",2022-06-08T20:47:00.121Z,pat.zip (TE Academy)
624c880671e68891991f3c4a,2022-04-05T18:18:46.337Z,0xeE9f5aB4faeCBe30012f675Bb938031BC51bB49B,0xeE9f5aB4faeCBe30012f675Bb938031BC51bB49B,"[""USER""]",2022-04-05T18:18:46.337Z,SatoriD
624d840871e68891992078c0,2022-04-06T12:14:00.909Z,0x83aC2Bb284930f4A9AcffFb7Cfb0dC0C92b5AB97,0x83aC2Bb284930f4A9AcffFb7Cfb0dC0C92b5AB97,"[""USER""]",2022-04-06T12:14:00.909Z,Guy James
624dd01471e688919921122f,2022-04-06T17:38:28.281Z,0x7d547666209755FB833f9B37EebEa38eBF513Abb,0x7d547666209755FB833f9B37EebEa38eBF513Abb,"[""USER""]",2022-04-06T17:38:28.281Z,Juankbell
624dd39771e6889199213474,2022-04-06T17:53:27.143Z,0x9Ef53569800e203C20200256CF134abc675bC8e1,0x9Ef53569800e203C20200256CF134abc675bC8e1,"[""USER""]",2022-04-06T17:53:27.143Z,AnnAnna
624f19b571e6889199230053,2022-04-07T17:04:53.668Z,0xfF6d6a7718A234A84f740480Dbb07f6c09cF1cD5,0xfF6d6a7718A234A84f740480Dbb07f6c09cF1cD5,"[""USER""]",2022-04-14T17:46:41.805Z,durgadas
624f32ed71e68891992310ad,2022-04-07T18:52:29.044Z,0x6B6c5652D7Cb8fCB470213912381BCa77183e641,0x6B6c5652D7Cb8fCB470213912381BCa77183e641,"[""USER""]",2022-05-05T19:00:54.727Z,jasontphelpsNH
62506a3571e6889199244ef9,2022-04-08T17:00:37.893Z,0xb40F67623d54B8D1f522D5Dcdcd416B16dF6B9E9,0xb40F67623d54B8D1f522D5Dcdcd416B16dF6B9E9,"[""USER""]",2022-04-08T17:00:37.893Z,0xb40F67623d54B8D1f522D5Dcdcd416B16dF6B9E9
62506a4e71e6889199244f0c,2022-04-08T17:01:02.569Z,0xe5F470E376554fB613A43FDe223e40a3bb338765,0xe5F470E376554fB613A43FDe223e40a3bb338765,"[""USER""]",2022-04-08T17:01:04.193Z,0xe5F470E376554fB613A43FDe223e40a3bb338765
62510f4871e688919924cca3,2022-04-09T04:44:56.170Z,0x343EF442adD9bd565D51b606f444F9221AD0Aeb6,0x343EF442adD9bd565D51b606f444F9221AD0Aeb6,"[""USER""]",2022-04-09T04:44:56.170Z,KZ Flyer
6251d72971e68891992574e3,2022-04-09T18:57:45.989Z,0x438cDDcc8E6f0E0E18CE33F6b5a8fFCFAb5A999c,0x438cDDcc8E6f0E0E18CE33F6b5a8fFCFAb5A999c,"[""USER"",""QUANTIFIER""]",2022-06-08T00:09:15.441Z,EFRA
62544dd971e6889199278ad1,2022-04-11T15:48:41.490Z,0x520d40c43790c4cc5840B214C45CdB14B5BCb9FD,0x520d40c43790c4cc5840B214C45CdB14B5BCb9FD,"[""USER""]",2022-04-11T15:48:44.466Z,0x520d40c43790c4cc5840B214C45CdB14B5BCb9FD
6255859271e688919928cf72,2022-04-12T13:58:42.217Z,0x8ACAc2936141aa99F6D9bF651EA0e8cA564eAD21,0x8ACAc2936141aa99F6D9bF651EA0e8cA564eAD21,"[""USER""]",2022-04-12T13:58:44.694Z,0x8ACAc2936141aa99F6D9bF651EA0e8cA564eAD21
6256977471e68891992a4607,2022-04-13T09:27:16.299Z,0xF9903c5d11E8f4bFebcf02747D53319E9c4a10c6,0xF9903c5d11E8f4bFebcf02747D53319E9c4a10c6,"[""USER""]",2022-04-13T09:27:16.299Z,Leen
6256e26371e68891992b076e,2022-04-13T14:46:59.685Z,0x9690a9E92edadd9a4ff64da25eb6AD60791C37ff,0x9690a9E92edadd9a4ff64da25eb6AD60791C37ff,"[""USER""]",2022-04-13T14:46:59.685Z,Mert Ozd
625833f671e68891992d9be6,2022-04-14T14:47:18.424Z,0xD5288ED50a195017E5B30595F65091a7767817a4,0xD5288ED50a195017E5B30595F65091a7767817a4,"[""USER""]",2022-04-14T14:47:18.424Z,mafer_cordovas
62583bd071e68891992da3de,2022-04-14T15:20:48.061Z,0xC46c67Bb7E84490D7EbdD0b8ecDaca68Cf3823F4,0xC46c67Bb7E84490D7EbdD0b8ecDaca68Cf3823F4,"[""USER""]",2022-04-14T15:20:48.061Z,karmaticacid
625867e171e68891992dd25e,2022-04-14T18:28:49.688Z,0x670B99633593758DbC5A3eeb610B0f7E0b4c9033,0x670B99633593758DbC5A3eeb610B0f7E0b4c9033,"[""USER""]",2022-04-14T18:28:49.688Z,STorrence
625988f971e68891992f3631,2022-04-15T15:02:17.322Z,0x4318cC449b1cbE6d64dd82E16abE58C79E076C2B,0x4318cC449b1cbE6d64dd82E16abE58C79E076C2B,"[""USER"",""QUANTIFIER""]",2022-06-03T12:59:55.238Z,r33pich33p
62598fe771e68891992f3fce,2022-04-15T15:31:51.744Z,0x9194b1713A8E07Bc47B90Fb7937E28e09b6cd100,0x9194b1713A8E07Bc47B90Fb7937E28e09b6cd100,"[""USER""]",2022-04-15T15:31:51.744Z,santigs
6259b0af71e68891992f70b1,2022-04-15T17:51:43.413Z,0x301605C95acbED7A1fD9C2c0DeEe964e2AFBd0C3,0x301605C95acbED7A1fD9C2c0DeEe964e2AFBd0C3,"[""USER""]",2022-04-15T17:52:32.116Z,DanKnobelsdorf
6259c1a471e68891992f82bb,2022-04-15T19:04:04.094Z,0x7a738EfFD10bF108b7617Ec8E96a0722fa54C547,0x7a738EfFD10bF108b7617Ec8E96a0722fa54C547,"[""USER""]",2022-04-15T19:04:04.094Z,Todd Y.
6259c61b71e68891992f88f2,2022-04-15T19:23:07.020Z,0xdec0DED0606B7d0560ADEBD6C3a919a671dB4D66,0xdec0DED0606B7d0560ADEBD6C3a919a671dB4D66,"[""USER""]",2022-04-15T19:23:07.020Z,luigy ùóπùó≤ùó∫ùóºùóª
6259c79f71e68891992f8b2c,2022-04-15T19:29:35.176Z,0xEFCDc3A4164846b7e39C4708a7C816f4459F26bF,0xEFCDc3A4164846b7e39C4708a7C816f4459F26bF,"[""USER""]",2022-04-15T19:29:35.176Z,ActiveInferenceLab
6259cb5e71e68891992f9030,2022-04-15T19:45:34.335Z,0x89A4a16c04F39ed35bb9539D50048845B3C1713D,0x89A4a16c04F39ed35bb9539D50048845B3C1713D,"[""USER""]",2022-04-15T19:45:34.335Z,ceresbzns
625a0eb471e68891992fe7f9,2022-04-16T00:32:52.465Z,0x4D53016E20C8615BFDef02F3a13f969b9a0EC031,0x4D53016E20C8615BFDef02F3a13f969b9a0EC031,"[""USER""]",2022-04-16T00:32:52.465Z,fabi
625c33f071e6889199322cce,2022-04-17T15:36:16.788Z,0x2fEe53687906bA239602eD42CCEee2aC8A4ADa36,0x2fEe53687906bA239602eD42CCEee2aC8A4ADa36,"[""USER""]",2022-04-17T15:36:16.788Z,Suga
625c848f71e6889199328ab3,2022-04-17T21:20:15.841Z,0x5A227E2919A49f9d4698e9fd2B318EfCd0f16Bda,0x5A227E2919A49f9d4698e9fd2B318EfCd0f16Bda,"[""USER""]",2022-04-17T21:20:15.841Z,Yineisy Mota
625cdb2371e688919932e24f,2022-04-18T03:29:39.611Z,0xe23e317463FAC259700D95572ee3417Ccbb3cb8C,0xe23e317463FAC259700D95572ee3417Ccbb3cb8C,"[""USER""]",2022-04-18T03:29:39.611Z,K.
625d31e871e6889199333e81,2022-04-18T09:39:52.185Z,0x7AcE0b7a0cFb2980aa25310af5c2602144d58db2,0x7AcE0b7a0cFb2980aa25310af5c2602144d58db2,"[""USER""]",2022-04-18T09:39:52.185Z,amanwithwings
625d3c0871e68891993349d5,2022-04-18T10:23:04.881Z,0x1210Ba92EB82Cc256213C78F0eF9D5212c7034a9,0x1210Ba92EB82Cc256213C78F0eF9D5212c7034a9,"[""USER""]",2022-04-18T10:23:04.881Z,Ronald
625d97a471e688919933da62,2022-04-18T16:53:56.157Z,0x7c6f38cE817B9282c1d51FDA484F31616c644456,0x7c6f38cE817B9282c1d51FDA484F31616c644456,"[""USER""]",2022-04-18T22:10:46.480Z,0x7c6f38cE817B9282c1d51FDA484F31616c644456
625db26f71e6889199340c2d,2022-04-18T18:48:15.807Z,0x00d18ca9782bE1CaEF611017c2Fbc1a39779A57C,0x00d18ca9782bE1CaEF611017c2Fbc1a39779A57C,"[""USER""]",2022-04-18T18:48:15.807Z,mateodaza
625dc15471e6889199342163,2022-04-18T19:51:48.604Z,0xe9812F14CdA5F02287A970F90e42c77EBB3cb6d7,0xe9812F14CdA5F02287A970F90e42c77EBB3cb6d7,"[""USER""]",2022-04-18T19:51:48.604Z,Sapote
625dd1ec71e6889199343232,2022-04-18T21:02:36.798Z,0x66D9dfddC3AD45d6383D5B9e9354F60Bc9D16A8e,0x66D9dfddC3AD45d6383D5B9e9354F60Bc9D16A8e,"[""USER""]",2022-04-18T21:02:36.798Z,Letty
625ecd5a71e6889199354036,2022-04-19T14:55:22.519Z,0xB0CCf43adA6CBaA26dcf4907117b496d49f74242,0xB0CCf43adA6CBaA26dcf4907117b496d49f74242,"[""USER""]",2022-04-19T14:55:22.519Z,logonaut.eth
625ed40b71e6889199354952,2022-04-19T15:23:55.776Z,0x57F540a736a647EF2d2Ef9Cd823C4a4e655858a4,0x57F540a736a647EF2d2Ef9Cd823C4a4e655858a4,"[""USER""]",2022-05-24T08:39:29.556Z,heater
625ed80171e6889199354d55,2022-04-19T15:40:49.616Z,0x763d7D362B59aeA3858a92a302e18cd41b1252d4,0x763d7D362B59aeA3858a92a302e18cd41b1252d4,"[""USER""]",2022-04-19T15:40:49.616Z,ygg_anderson
625eda6e71e6889199354fcd,2022-04-19T15:51:10.877Z,0x0CF30daf2Fb962Ed1d5D19C97F5f6651F3b691c1,0x0CF30daf2Fb962Ed1d5D19C97F5f6651F3b691c1,"[""USER""]",2022-04-19T15:51:10.877Z,QZ
625edb3171e688919935509d,2022-04-19T15:54:25.839Z,0xf11704511975cC5908f6dBd89Be922f5C86c1055,0xf11704511975cC5908f6dBd89Be922f5C86c1055,"[""USER""]",2022-04-19T15:54:25.839Z,xdamman
625edd4c71e68891993553e1,2022-04-19T16:03:24.886Z,0x8E8Fcb51A955AfD4d208bb18D54385B2FC7d1123,0x8E8Fcb51A955AfD4d208bb18D54385B2FC7d1123,"[""USER""]",2022-04-19T16:03:24.886Z,Rudi
625ee5ca71e6889199356592,2022-04-19T16:39:38.963Z,0x778549Eb292AC98A96a05E122967f22eFA003707,0x778549Eb292AC98A96a05E122967f22eFA003707,"[""USER""]",2022-04-19T16:39:38.963Z,JeffEmmett
625ee85271e6889199356c64,2022-04-19T16:50:26.489Z,0xEFA21088F3830cD7d9f526eA268f7AabA34F785F,0xEFA21088F3830cD7d9f526eA268f7AabA34F785F,"[""USER""]",2022-04-19T16:50:26.489Z,mheuer
625ef45571e688919935788c,2022-04-19T17:41:41.536Z,0x62e4851e88bEC4f5c5EE3Dd347F2C601A18AF1aF,0x62e4851e88bEC4f5c5EE3Dd347F2C601A18AF1aF,"[""USER""]",2022-04-19T17:41:41.536Z,danlessa
625ef62b71e6889199357a6b,2022-04-19T17:49:31.537Z,0xeC952ED8e7c2AA466cac36fD611D2E87Df1243D7,0xeC952ED8e7c2AA466cac36fD611D2E87Df1243D7,"[""USER""]",2022-04-19T17:50:28.905Z,Kris
625f016571e6889199358913,2022-04-19T18:37:25.544Z,0x29FFeBCa51ecD940cb37EF91ff83cD739553b93e,0x29FFeBCa51ecD940cb37EF91ff83cD739553b93e,"[""USER""]",2022-05-20T00:39:06.595Z,casale.eth
625f0d4871e6889199359522,2022-04-19T19:28:08.769Z,0x6F4A8930Ef9C175eC0F3F63A97686d5c505e0E32,0x6F4A8930Ef9C175eC0F3F63A97686d5c505e0E32,"[""USER"",""QUANTIFIER""]",2022-05-10T16:00:06.944Z,tonga
625f11d071e68891993599bf,2022-04-19T19:47:28.119Z,0xF49A19f72d0E106df462CfD6B5BEBE42b6001616,0xF49A19f72d0E106df462CfD6B5BEBE42b6001616,"[""USER""]",2022-04-19T19:47:28.119Z,JustinKalland
625f1e8171e688919935a698,2022-04-19T20:41:37.490Z,0xc163041D404e7657530491577665E40Da84C9Bd7,0xc163041D404e7657530491577665E40Da84C9Bd7,"[""USER""]",2022-04-19T20:41:37.490Z,angieberryberry
625f555a71e688919935e636,2022-04-20T00:35:38.719Z,0x05a45e7416C77C822e24e9679af29D1f07589b40,0x05a45e7416C77C822e24e9679af29D1f07589b40,"[""USER""]",2022-04-20T00:35:38.719Z,graial
625f5b5771e688919935ec4a,2022-04-20T01:01:11.025Z,0xb46a595C65F62236Eb7934b43397e0a05eA33c10,0xb46a595C65F62236Eb7934b43397e0a05eA33c10,"[""USER""]",2022-04-26T18:14:12.070Z,pKrepe
625f77d471e6889199360913,2022-04-20T03:02:44.615Z,0xe3181f4596509af72d684D89947DF309f41F65FF,0xe3181f4596509af72d684D89947DF309f41F65FF,"[""USER""]",2022-04-20T03:02:44.615Z,Kojak
6260062371e6889199370f56,2022-04-20T13:09:55.563Z,0xC4d9d1a93068d311Ab18E988244123430eB4F1CD,0xC4d9d1a93068d311Ab18E988244123430eB4F1CD,"[""USER""]",2022-04-20T13:09:55.563Z,Pat ‚ú®
62600a7071e68891993713b5,2022-04-20T13:28:16.111Z,0xEa5F027482561b25CA3E5a5498cBD1E979932774,0xEa5F027482561b25CA3E5a5498cBD1E979932774,"[""USER""]",2022-04-20T13:28:16.111Z,Stefano
626020c771e6889199372ba3,2022-04-20T15:03:35.809Z,0x3A00Ac02BCE2499C40519be4DcCe93ecE67aC0Ad,0x3A00Ac02BCE2499C40519be4DcCe93ecE67aC0Ad,"[""USER""]",2022-04-20T15:03:35.809Z,Julio Holon
6260235971e688919937497b,2022-04-20T15:14:33.084Z,0x8758E5741dE847363dD2715a62431cc0cBda4cA6,0x8758E5741dE847363dD2715a62431cc0cBda4cA6,"[""USER""]",2022-04-20T15:14:33.084Z,ZER8üß†
6260240e71e6889199374a34,2022-04-20T15:17:34.312Z,0xE64F06F695De4C4E21BA8F383a2675Fd884Ac720,0xE64F06F695De4C4E21BA8F383a2675Fd884Ac720,"[""USER""]",2022-04-20T15:17:34.312Z,fabiomendes
6260594471e688919937ad03,2022-04-20T19:04:36.063Z,0xF2283b9c60BDBaF9B0C41b2F52907AF7362a3302,0xF2283b9c60BDBaF9B0C41b2F52907AF7362a3302,"[""USER""]",2022-04-20T19:04:36.063Z,barnab√©
6260cb8d71e68891993885c1,2022-04-21T03:12:13.559Z,0x0E76602324bD961E3E928b4BD5DC578b9883dF11,0x0E76602324bD961E3E928b4BD5DC578b9883dF11,"[""USER""]",2022-04-21T03:12:13.559Z,trangnv
6261a4b371e688919939fd5e,2022-04-21T18:38:43.067Z,0x95660B8f62B6372bb8A821872BF957922dE1fe89,0x95660B8f62B6372bb8A821872BF957922dE1fe89,"[""USER""]",2022-05-22T13:48:20.812Z,MS
6261b6b771e68891993a121d,2022-04-21T19:55:35.088Z,0x9bF7F5226E64812e0903e7426Fe4c968032b40AF,0x9bF7F5226E64812e0903e7426Fe4c968032b40AF,"[""USER""]",2022-04-21T19:55:39.030Z,0x9bF7F5226E64812e0903e7426Fe4c968032b40AF
6261b6d071e68891993a1279,2022-04-21T19:56:00.770Z,0x1964b1d5d69f96e6751Da98c69b6fbBA48a111B5,0x1964b1d5d69f96e6751Da98c69b6fbBA48a111B5,"[""USER""]",2022-04-21T19:56:05.676Z,0x1964b1d5d69f96e6751Da98c69b6fbBA48a111B5
6261b97471e68891993a153b,2022-04-21T20:07:16.897Z,0x41143B6Ec3329D60aDfb7761192f00A8E9ed83fF,0x41143B6Ec3329D60aDfb7761192f00A8E9ed83fF,"[""USER""]",2022-04-21T20:07:16.897Z,sdm707
6261df7071e68891993a3bc4,2022-04-21T22:49:20.617Z,0x77d40c87D423eFb7ec576e80998A48377Adf86dF,0x77d40c87D423eFb7ec576e80998A48377Adf86dF,"[""USER""]",2022-04-21T22:49:20.617Z,üêô octopus
6263214d71e68891993babba,2022-04-22T21:42:37.091Z,0x491fFC953E1aB2751817ff90A5f32694a4841474,0x491fFC953E1aB2751817ff90A5f32694a4841474,"[""USER""]",2022-04-22T21:42:37.091Z,CurlyBracketEffect
6264247c71e68891993cc6f6,2022-04-23T16:08:28.367Z,0x6844d559655F8Fb1B8644624C9e84217137C9788,0x6844d559655F8Fb1B8644624C9e84217137C9788,"[""USER""]",2022-04-23T16:08:28.367Z,Ratio13
62649d8471e68891993d55d4,2022-04-24T00:44:52.839Z,0xf592eE0E3a20Ddd65882E0fE6bFBB4B465A98Ae4,0xf592eE0E3a20Ddd65882E0fE6bFBB4B465A98Ae4,"[""USER""]",2022-04-24T00:44:52.839Z,rdfbbx
6265236771e68891993ddd9b,2022-04-24T10:16:07.670Z,0xf8A798764a7c12e031B05C0F4aCde7A950eF71A0,0xf8A798764a7c12e031B05C0F4aCde7A950eF71A0,"[""USER""]",2022-04-24T10:16:07.670Z,Ekeneodigwe
6266c7ec71e68891993fb2ad,2022-04-25T16:10:20.606Z,0xa7C2981DAd6496882F51F338fB811783c477e605,0xa7C2981DAd6496882F51F338fB811783c477e605,"[""USER""]",2022-04-25T16:10:20.606Z,irenioskamoska
6267de4071e6889199411136,2022-04-26T11:57:52.009Z,0x7926dad04fE7c482425D784985B5E24aea03C9fF,0x7926dad04fE7c482425D784985B5E24aea03C9fF,"[""USER""]",2022-04-26T11:57:52.009Z,eugene
6268abc371e6889199427bb4,2022-04-27T02:34:43.507Z,0x79DaB8d76d27aE8De37fbb3746EdE4c9A06d62cc,0x79DaB8d76d27aE8De37fbb3746EdE4c9A06d62cc,"[""USER""]",2022-04-27T02:34:50.340Z,0x79DaB8d76d27aE8De37fbb3746EdE4c9A06d62cc
626a429071e688919944f799,2022-04-28T07:30:24.817Z,0x6432c098bfedA15Dd4d0692C46bDB43091a95171,0x6432c098bfedA15Dd4d0692C46bDB43091a95171,"[""USER""]",2022-04-28T07:30:24.817Z,Lin
626ad81371e68891994604ba,2022-04-28T18:08:19.720Z,0xa6BBa3FD4493e614C97E1dFc39FD55759AEA4F9A,0xa6BBa3FD4493e614C97E1dFc39FD55759AEA4F9A,"[""USER""]",2022-05-02T16:52:13.508Z,Crypto Zach
626b84f871e688919946d90a,2022-04-29T06:26:00.879Z,0x741670C5085Da689944FAA9543E9aB610a00A06d,0x741670C5085Da689944FAA9543E9aB610a00A06d,"[""USER""]",2022-04-29T06:26:00.879Z,Costa
6270110771e68891994ca4d4,2022-05-02T17:12:39.233Z,0x8289432ACD5EB0214B1C2526A5EDB480Aa06A9ab,0x8289432ACD5EB0214B1C2526A5EDB480Aa06A9ab,"[""USER""]",2022-05-02T17:14:53.579Z,wslyvh
6270159571e68891994cad16,2022-05-02T17:32:05.990Z,0x1e655FeEc2767b4c6409CCfFA76d7560da11F2cb,0x1e655FeEc2767b4c6409CCfFA76d7560da11F2cb,"[""USER""]",2022-05-02T17:32:05.990Z,alantv
62703a8e71e68891994cda7d,2022-05-02T20:09:50.726Z,0x949Bba9F1C13F2461835366AEBcb53c852dd4308,0x949Bba9F1C13F2461835366AEBcb53c852dd4308,"[""USER""]",2022-05-02T20:09:50.726Z,solsista
62711c0271e68891994df84d,2022-05-03T12:11:46.201Z,0x16E26789b4052815d450043A637b368bfB3ea63A,0x16E26789b4052815d450043A637b368bfB3ea63A,"[""USER""]",2022-05-28T18:41:13.107Z,Nebs
6271759ed6f46f43ffe01122,2022-05-03T18:34:06.877Z,0x2E2853B5fA70C7CEf55931D4D9E5ffd4DD9C8cad,0x2E2853B5fA70C7CEf55931D4D9E5ffd4DD9C8cad,"[""USER""]",2022-05-06T12:37:47.575Z,0x2E2853B5fA70C7CEf55931D4D9E5ffd4DD9C8cad
6272a478d6f46f43ffe242ac,2022-05-04T16:06:16.870Z,0x94860EA6872d863E91f3Ce3f8cF574Ef0859620b,0x94860EA6872d863E91f3Ce3f8cF574Ef0859620b,"[""USER""]",2022-05-04T16:06:16.870Z,ddan
6272b0d0d6f46f43ffe285f9,2022-05-04T16:58:56.324Z,0x970f31FfC1429c75B0bc56c42e92a58198E858cf,0x970f31FfC1429c75B0bc56c42e92a58198E858cf,"[""USER""]",2022-05-04T16:58:56.324Z,"sem(üå∏,üêù)"
62731aedd6f46f43ffe43c3d,2022-05-05T00:31:41.363Z,0x1409a9ef3450D5d50aAd004f417436e772FbF8fC,0x1409a9ef3450D5d50aAd004f417436e772FbF8fC,"[""USER""]",2022-05-05T00:31:41.363Z,r-x-x
627326f0d6f46f43ffe48d3b,2022-05-05T01:22:56.716Z,0x2cecb3B75bc8dFb22725ff657062C47d6ddD4629,0x2cecb3B75bc8dFb22725ff657062C47d6ddD4629,"[""USER""]",2022-05-05T01:22:56.716Z,Gaian
62739159d6f46f43ffe4f17a,2022-05-05T08:56:57.505Z,0x8041748a2A16e9B7A3980107f4376774421642c8,0x8041748a2A16e9B7A3980107f4376774421642c8,"[""USER""]",2022-05-05T08:56:57.505Z,anna-marie
62740df1d6f46f43ffe571e6,2022-05-05T17:48:33.908Z,0xA3895368C212a0B8adEe139a609Fa882a0E48917,0xA3895368C212a0B8adEe139a609Fa882a0E48917,"[""USER""]",2022-05-05T18:57:44.436Z,const
62741b68d6f46f43ffe57b90,2022-05-05T18:46:00.824Z,0xE077B943bd4209Ed07F93395f76412F60de6b606,0xE077B943bd4209Ed07F93395f76412F60de6b606,"[""USER""]",2022-05-05T19:01:34.481Z,myninluba
62742b7bd6f46f43ffe5888e,2022-05-05T19:54:35.329Z,0x91bfd8A63e1ae35AaaF44420a169F46dcE74d138,0x91bfd8A63e1ae35AaaF44420a169F46dcE74d138,"[""USER""]",2022-05-05T19:54:35.329Z,Incandenza
62750c1cd6f46f43ffe61240,2022-05-06T11:53:00.608Z,0x72E1638bD8cD371Bfb04cF665b749A0E4ae38324,0x72E1638bD8cD371Bfb04cF665b749A0E4ae38324,"[""USER""]",2022-05-06T11:53:03.014Z,0x72E1638bD8cD371Bfb04cF665b749A0E4ae38324
62754243d6f46f43ffe63996,2022-05-06T15:44:03.628Z,0xF1458Cd0973528B4B4d7331C163fB52Cdb11028c,0xF1458Cd0973528B4B4d7331C163fB52Cdb11028c,"[""USER""]",2022-05-06T15:44:03.628Z,Davide | ValueUnbanking
62756c77d6f46f43ffe66503,2022-05-06T18:44:07.344Z,0x328713d71cE23228D35263cA760984753D08BB59,0x328713d71cE23228D35263cA760984753D08BB59,"[""USER""]",2022-05-06T18:44:07.344Z,LBS
627658b3d6f46f43ffe72884,2022-05-07T11:32:03.696Z,0x8B580433568E521ad351b92b98150c0C65ce69B7,0x8B580433568E521ad351b92b98150c0C65ce69B7,"[""USER""]",2022-05-07T11:32:03.696Z,danielo
627897fbd6f46f43ffe935c0,2022-05-09T04:26:35.631Z,0x6814A5e9D556C834Aec5293ed80748CD0F58bd14,0x6814A5e9D556C834Aec5293ed80748CD0F58bd14,"[""USER""]",2022-05-09T04:26:35.631Z,jme
62797dc8d6f46f43ffea2157,2022-05-09T20:47:04.241Z,0x83713a1bE5A18750d8370a51f9D6fF39F6b4e815,0x83713a1bE5A18750d8370a51f9D6fF39F6b4e815,"[""USER""]",2022-05-09T20:47:06.084Z,0x83713a1bE5A18750d8370a51f9D6fF39F6b4e815
627a724bd6f46f43ffedfc0e,2022-05-10T14:10:19.219Z,0x577330c3AB28B6Ea0797D1552eA9edEB067C912C,0x577330c3AB28B6Ea0797D1552eA9edEB067C912C,"[""USER""]",2022-05-10T14:10:19.219Z,MaxCaspar
627d17f8b9525fb4ac8e86b6,2022-05-12T14:21:44.582Z,0xe519548F4DF46AC738c8e4614b18Ea3f59165533,0xe519548F4DF46AC738c8e4614b18Ea3f59165533,"[""USER""]",2022-05-12T14:21:47.312Z,0xe519548F4DF46AC738c8e4614b18Ea3f59165533
627d89ccb9525fb4ac8ecf1f,2022-05-12T22:27:24.394Z,0xB45A7510EaaD1Ef02CFaD55C67c0EA084CDD40d2,0xB45A7510EaaD1Ef02CFaD55C67c0EA084CDD40d2,"[""USER""]",2022-05-12T22:27:24.394Z,Aemikorobinson
627ee3bdb9525fb4ac8f63fb,2022-05-13T23:03:25.364Z,0xB2a9784880bA0bC3d563a64e362C464D75Ec0E88,0xB2a9784880bA0bC3d563a64e362C464D75Ec0E88,"[""USER""]",2022-05-13T23:03:32.976Z,0xB2a9784880bA0bC3d563a64e362C464D75Ec0E88
627ee521b9525fb4ac8f6522,2022-05-13T23:09:21.445Z,0x076d1faA88ee180a4Cf83afc4379112727fc7a4a,0x076d1faA88ee180a4Cf83afc4379112727fc7a4a,"[""USER""]",2022-05-13T23:09:21.445Z,Jack Hayter
62828ce4b9525fb4ac9104e7,2022-05-16T17:41:56.621Z,0x88f5B00db5B39070A3a80ffADa765B9cf8c2584B,0x88f5B00db5B39070A3a80ffADa765B9cf8c2584B,"[""USER""]",2022-05-16T17:41:56.621Z,blume
62861029b9525fb4ac93649c,2022-05-19T09:38:49.351Z,0x3B026597ca0BA62667F9ce61bea213984243E57F,0x3B026597ca0BA62667F9ce61bea213984243E57F,"[""USER""]",2022-05-19T09:38:52.632Z,0x3B026597ca0BA62667F9ce61bea213984243E57F
6286152cb9525fb4ac9366ca,2022-05-19T10:00:12.244Z,0x7A7Ba97F7E5dAee49aaEDA888733d4A85a5CB2A3,0x7A7Ba97F7E5dAee49aaEDA888733d4A85a5CB2A3,"[""USER""]",2022-05-19T10:00:16.300Z,0x7A7Ba97F7E5dAee49aaEDA888733d4A85a5CB2A3
628683adb9525fb4ac93a15b,2022-05-19T17:51:41.299Z,0x99272DB5353e13c18b711D99d3a8F36ba459f747,0x99272DB5353e13c18b711D99d3a8F36ba459f747,"[""USER""]",2022-05-19T17:51:41.299Z,felixfalafel
62868eb6b9525fb4ac93a762,2022-05-19T18:38:46.689Z,0xe33e551A4AE209180d04A5c205ABdD8bB3fea383,0xe33e551A4AE209180d04A5c205ABdD8bB3fea383,"[""USER""]",2022-05-19T18:38:46.689Z,adriel
62874f9db9525fb4ac94438d,2022-05-20T08:21:49.580Z,0xb2821C0DF0c414ff51D3e8033CBA26DF6AaC587b,0xb2821C0DF0c414ff51D3e8033CBA26DF6AaC587b,"[""USER""]",2022-05-20T08:21:49.580Z,JessicaZartler
62880bdbb9525fb4ac953db2,2022-05-20T21:44:59.543Z,0x73278a12a96b95b37ba35149A958FB8e02F35f5A,0x73278a12a96b95b37ba35149A958FB8e02F35f5A,"[""USER""]",2022-05-20T21:44:59.543Z,Anak
6288125bb9525fb4ac954067,2022-05-20T22:12:43.106Z,0xdf2cdaf893d04b6032e941669f77086e9CAf5d86,0xdf2cdaf893d04b6032e941669f77086e9CAf5d86,"[""USER""]",2022-05-20T22:12:43.106Z,friendlyamendment
628b6a5bb9525fb4ac96d07d,2022-05-23T11:04:59.034Z,0x269ceb186Ae90b062cFf495465b1eb7fc2feE9FD,0x269ceb186Ae90b062cFf495465b1eb7fc2feE9FD,"[""USER""]",2022-05-23T11:04:59.034Z,Alp
628c864fb9525fb4ac9769fa,2022-05-24T07:16:31.902Z,0x5cB4ea65e7622f3746680451b36c3641e096ab99,0x5cB4ea65e7622f3746680451b36c3641e096ab99,"[""USER""]",2022-05-24T07:16:35.334Z,0x5cB4ea65e7622f3746680451b36c3641e096ab99
628e588db9525fb4ac98efd4,2022-05-25T16:25:49.599Z,0x80A8C828673b928dB79E47eC1b0CAD5A7d71DEEa,0x80A8C828673b928dB79E47eC1b0CAD5A7d71DEEa,"[""USER""]",2022-05-25T16:25:49.599Z,johnjonas
628fa020b9525fb4ac99f7f8,2022-05-26T15:43:28.301Z,0x9BE3aCdD509B75DEACcBC3E0c863EE7B25da3F25,0x9BE3aCdD509B75DEACcBC3E0c863EE7B25da3F25,"[""USER""]",2022-05-26T15:43:31.783Z,0x9BE3aCdD509B75DEACcBC3E0c863EE7B25da3F25
628ff52eb9525fb4ac9a2adc,2022-05-26T21:46:22.913Z,0xFBC56Be13C23c18B6864D062e413da3c7e0f74Fb,0xFBC56Be13C23c18B6864D062e413da3c7e0f74Fb,"[""USER""]",2022-05-26T21:47:19.331Z,pabüêùüêô
6290ca46b9525fb4ac9ab64e,2022-05-27T12:55:34.396Z,0x45e036dA221032D814A8bF0EF46943f83E95b409,0x45e036dA221032D814A8bF0EF46943f83E95b409,"[""USER""]",2022-05-27T12:55:34.396Z,zero_2hero
62910211b9525fb4ac9acda5,2022-05-27T16:53:37.980Z,0xbb607302186D4FcAeF83aDFEDE3433E61Ceca06a,0xbb607302186D4FcAeF83aDFEDE3433E61Ceca06a,"[""USER""]",2022-05-27T16:53:37.980Z,Kind Koala
62950cb1b9525fb4ac9ccef9,2022-05-30T18:28:01.115Z,0x154be072532b27f818685D53a902cC38243Ee7D3,0x154be072532b27f818685D53a902cC38243Ee7D3,"[""USER""]",2022-05-30T18:28:01.115Z,Urban Acupuncture Fund
6298fb3db85a03696d4b3e07,2022-06-02T18:02:37.660Z,0x27ABc2B0DFb20c0314748EFAd0826266B99d2BE0,0x27ABc2B0DFb20c0314748EFAd0826266B99d2BE0,"[""USER""]",2022-06-02T18:02:37.660Z,"russlive215 (üßôüèæ, üßôüèæ)Ô∏±40ACRES"
629a392db85a03696d4bf9d1,2022-06-03T16:39:09.678Z,0xB1A1225BCf9408f4a8C980F1858734ECb0d537b9,0xB1A1225BCf9408f4a8C980F1858734ECb0d537b9,"[""USER""]",2022-06-03T16:39:09.678Z,stef
629c9f80b85a03696d4d0c30,2022-06-05T12:20:16.511Z,0xB6dFA145D7Ad9a4Dd1e3C09c71c04D48E5D2e166,0xB6dFA145D7Ad9a4Dd1e3C09c71c04D48E5D2e166,"[""USER""]",2022-06-05T12:20:24.930Z,0xB6dFA145D7Ad9a4Dd1e3C09c71c04D48E5D2e166
629dce90b85a03696d4d9dfb,2022-06-06T09:53:20.511Z,0x461c9cC4236E84904f9aBea61aCb3f1d3B232b0C,0x461c9cC4236E84904f9aBea61aCb3f1d3B232b0C,"[""USER""]",2022-06-06T11:46:58.511Z,0x461c9cC4236E84904f9aBea61aCb3f1d3B232b0C
629e4957b85a03696d4df7f2,2022-06-06T18:37:11.021Z,0xfB9dA2A1da334cFA85385A415e0668d0A4F1CFCC,0xfB9dA2A1da334cFA85385A415e0668d0A4F1CFCC,"[""USER""]",2022-06-06T18:37:13.412Z,0xfB9dA2A1da334cFA85385A415e0668d0A4F1CFCC
629f051ab85a03696d4e8dca,2022-06-07T07:58:18.585Z,0x7c996Fc3a62B4B0fb1675E251c3d865f146f062E,0x7c996Fc3a62B4B0fb1675E251c3d865f146f062E,"[""USER""]",2022-06-07T07:58:18.585Z,MoeShehab
629f0d8eb85a03696d4e92a7,2022-06-07T08:34:22.270Z,0xD91cD76F3F0031cB27A1539eAfA4Bd3DBe434507,0xD91cD76F3F0031cB27A1539eAfA4Bd3DBe434507,"[""USER""]",2022-06-07T08:34:24.357Z,0xD91cD76F3F0031cB27A1539eAfA4Bd3DBe434507
62a186e6b85a03696d506636,2022-06-09T05:36:38.851Z,0x407B68d75d0B874e40Eb864289388503EF5Cc382,0x407B68d75d0B874e40Eb864289388503EF5Cc382,"[""USER""]",2022-06-09T05:36:38.851Z,HellRazor001
62a22ed6b85a03696d50ce94,2022-06-09T17:33:10.934Z,0x1FCabBA469B151dF83a6A72Cdd1113c154F7A402,0x1FCabBA469B151dF83a6A72Cdd1113c154F7A402,"[""USER""]",2022-06-09T17:33:10.934Z,Adebolaü§¥
62a23194b85a03696d50d003,2022-06-09T17:44:52.602Z,0x27Db2dDeC1b2030287beEbA4910fa0DEBCEA4353,0x27Db2dDeC1b2030287beEbA4910fa0DEBCEA4353,"[""USER""]",2022-06-09T17:44:52.602Z,sagitario
62a3e82db85a03696d518a6b,2022-06-11T00:56:13.164Z,0xEd2eF70e8B1EBf95bDfD7ba692454143b2A8263B,0xEd2eF70e8B1EBf95bDfD7ba692454143b2A8263B,"[""USER""]",2022-06-11T00:56:13.164Z,streamerd
62a63df8b85a03696d5284b8,2022-06-12T19:26:48.843Z,0x396c8f89069dEdC5C1f401E90522847A9326Ff1C,0x396c8f89069dEdC5C1f401E90522847A9326Ff1C,"[""USER""]",2022-06-12T19:26:52.902Z,0x396c8f89069dEdC5C1f401E90522847A9326Ff1C
62a76816b85a03696d530b78,2022-06-13T16:38:46.984Z,0x516cAfD745Ec780D20f61c0d71fe258eA765222D,0x516cAfD745Ec780D20f61c0d71fe258eA765222D,"[""USER""]",2022-06-13T16:38:46.984Z,nintynick
62a7874db85a03696d531969,2022-06-13T18:51:57.229Z,0xed8DB37778804A913670d9367aAf4F043AAd938b,0xed8DB37778804A913670d9367aAf4F043AAd938b,"[""USER""]",2022-06-13T18:51:57.229Z,WhyldWanderer
62aa5437b85a03696d54a431,2022-06-15T21:50:47.079Z,0x38Dfd788DB4CFaB7b9Da57b06CfC06C6E0f33C3b,0x38Dfd788DB4CFaB7b9Da57b06CfC06C6E0f33C3b,"[""USER""]",2022-06-15T21:50:47.079Z,0x38Dfd788DB4CFaB7b9Da57b06CfC06C6E0f33C3b