_id,accountId,avatarId,createdAt,name,platform,updatedAt,user
621f79ce95a79aa51435b207,558192816308617227,af64b80c32205d256106f8da7e88a3ce,2022-03-02T14:06:02.941Z,Vyvy-vi#5040,DISCORD,2022-06-15T18:56:38.949Z,61f19ca0102583655ce19782
621f79ce95a79aa51435b209,786574925951008788,aa3a5bd5ebdc16d307f1f2fcd1c9e587,2022-03-02T14:06:02.942Z,Suga#8514,DISCORD,2022-04-17T15:36:16.793Z,625c33f071e6889199322cce
621f79ce95a79aa51435b20b,749990807238607020,8deaadd14238c0a72a8871176b993946,2022-03-02T14:06:02.943Z,Juankbell#7458,DISCORD,2022-06-14T20:20:31.326Z,624dd01471e688919921122f
621f79ce95a79aa51435b20f,90682005678735360,2fb9b6279add72043258968810d98d12,2022-03-02T14:06:02.943Z,CMD Burrito#2759,DISCORD,2022-03-02T14:06:07.573Z,null
621f79ce95a79aa51435b212,377359211144675330,376d6069a4f6429aed4868ceec23b59d,2022-03-02T14:06:02.943Z,Kris#8703,DISCORD,2022-04-19T17:50:28.910Z,625ef62b71e6889199357a6b
621f79ce95a79aa51435b213,379773201405706260,ef3f53d5871426014623b8af291e195d,2022-03-02T14:06:02.943Z,JeffEmmett#7202,DISCORD,2022-06-09T19:49:59.152Z,625ee5ca71e6889199356592
621f79ce95a79aa51435b21c,734527275630067746,f22afc0e56286dfc9b99181251f9be5b,2022-03-02T14:06:02.944Z,JessicaZartler#2263,DISCORD,2022-05-20T13:44:55.739Z,62874f9db9525fb4ac94438d
621f79ce95a79aa51435b223,395673197615513600,29a506011b5a6221f234c9ba91de6ef1,2022-03-02T14:06:02.944Z,"griff (üíú, üíú)#8888",DISCORD,2022-06-12T22:23:39.696Z,61fc318c102583655ce43043
621f79ce95a79aa51435b225,751417874886688798,2654f95ffa0a47282c16ea274733b86d,2022-03-02T14:06:02.945Z,Tam2140#9361,DISCORD,2022-06-14T22:00:42.999Z,6220d6d395a79aa51436bc02
621f79ce95a79aa51435b227,480023322080444427,5749f33d32f3d2bf7084c18540ead477,2022-03-02T14:06:02.944Z,liviade#1387,DISCORD,2022-06-12T22:25:44.769Z,61f17525102583655ce19043
621f79ce95a79aa51435b243,394919909454512138,b66916eb105b5ef364edec67d20bb6fb,2022-03-02T14:06:02.946Z,DanKnobelsdorf#0326,DISCORD,2022-05-04T20:10:35.855Z,6259b0af71e68891992f70b1
621f79ce95a79aa51435b26c,165910079416041473,da578821b560dd694e1db8d8fb572e13,2022-03-02T14:06:02.948Z,PhilH#1102,DISCORD,2022-06-12T21:53:55.415Z,61f2a8b8102583655ce1d0d7
621f79ce95a79aa51435b26f,492394339532800020,0764c3dbda1e43828f4d2db9b8213c85,2022-03-02T14:06:02.948Z,karmaticacid#1218,DISCORD,2022-06-12T03:49:45.572Z,62583bd071e68891992da3de
621f79ce95a79aa51435b278,753834288511713303,82e43c1418a21926dd61d71f32a6222e,2022-03-02T14:06:02.948Z,iviangita#3204,DISCORD,2022-06-12T03:27:20.223Z,6246e1d571e68891991a24cb
621f79ce95a79aa51435b27a,110852901919801344,25c217f639fedd632069b0f74a4bcb04,2022-03-02T14:06:02.949Z,storypup#2167,DISCORD,2022-03-02T14:06:10.616Z,null
621f79ce95a79aa51435b287,183879548394274816,5e45f3338bd1b9a2a524cde1083166f6,2022-03-02T14:06:02.950Z,Zeptimus#3359,DISCORD,2022-06-15T18:56:38.548Z,61f2ce27102583655ce1f93c
621f79ce95a79aa51435b28c,573648007384530954,b7377860a972770bb2006394db24220c,2022-03-02T14:06:02.950Z,eduardovegap#0422,DISCORD,2022-06-12T22:11:41.040Z,61f71fea102583655ce2fdf0
621f79ce95a79aa51435b297,727934296387616848,2f12201018305f5baedd47becfeff5b4,2022-03-02T14:06:02.950Z,chuygarcia.eth#6692,DISCORD,2022-06-14T21:34:42.063Z,6244a26a71e6889199167da2
621f79ce95a79aa51435b2af,810909042301468763,6fa63cc921735cf285041f78f0bde6b6,2022-03-02T14:06:02.950Z,pavl#1561,DISCORD,2022-03-02T14:06:07.457Z,null
621f79cf95a79aa51435b2c0,772107197240311848,07f8e619ff93a97d96873d268ed66897,2022-03-02T14:06:02.951Z,anna-marie#8824,DISCORD,2022-05-14T14:02:43.380Z,62739159d6f46f43ffe4f17a
621f79cf95a79aa51435b2e9,667979309457080340,da94bccf3766d1cd08c8d5efa23eb4c0,2022-03-02T14:06:02.953Z,nic#9212,DISCORD,2022-06-13T17:04:13.244Z,624b4c9371e68891991dce84
621f79cf95a79aa51435b2ea,323063974382010369,null,2022-03-02T14:06:02.953Z,Huxwell#2172,DISCORD,2022-03-02T14:06:07.071Z,null
621f79cf95a79aa51435b2f7,417979381332443136,d145fdbe6fea9d40b4a5e729859a2a2f,2022-03-02T14:06:02.953Z,natesuits#4789,DISCORD,2022-06-14T22:00:41.603Z,622932956cf31bb86aec8e3c
621f79cf95a79aa51435b2f8,762556315109031958,3f60304e3ce6d5158760e4a77d8bfd48,2022-03-02T14:06:02.953Z,David (please DYOR...)#4116,DISCORD,2022-04-24T14:25:13.833Z,null
621f79cf95a79aa51435b2f9,367484103089455108,e938e9e279ba99d6f4872bca4d33ee27,2022-03-02T14:06:02.953Z,metaverde#2503,DISCORD,2022-05-06T14:10:33.489Z,62257e6f6cf31bb86ae9adb6
621f79cf95a79aa51435b300,388384931102982154,edd4d3475e05681b5feff22686f9dd46,2022-03-02T14:06:02.953Z,kristofer#1475,DISCORD,2022-06-15T19:01:46.227Z,61ef29cf102583655ce10ab5
621f79cf95a79aa51435b361,480128711941685289,5574b10c078cce8f404d26d08c2b3cdb,2022-03-02T14:06:02.956Z,Mount Manu#3530,DISCORD,2022-06-14T22:00:42.057Z,622762936cf31bb86aeab3d6
621f79cf95a79aa51435b3c3,686955086941126683,7aaeae2f15035eb415bb51aaf9ad0878,2022-03-02T14:06:02.958Z,akrtws (TE Academy)#4246,DISCORD,2022-06-12T22:10:42.593Z,6246f54a71e68891991a30d8
621f79cf95a79aa51435b3f9,523401372188540939,e27a1206f2c51f580ab44554c65109f7,2022-03-02T14:06:02.960Z,markop#2007,DISCORD,2022-06-07T16:58:00.483Z,62497e0d71e68891991c25ed
621f79cf95a79aa51435b3ff,692168538181599232,5bb4158c7b7e6ebbb24d163e59150384,2022-03-02T14:06:02.960Z,mateodaza#3156,DISCORD,2022-04-24T14:25:12.473Z,625db26f71e6889199340c2d
621f79cf95a79aa51435b42a,655144629481635841,67b40701b6568cef805b1a099eaa2614,2022-03-02T14:06:02.961Z,AmwFund#0979,DISCORD,2022-06-13T03:40:01.349Z,61f0839d102583655ce15a56
621f79cf95a79aa51435b4be,757751905140211833,a_f15c00770e599ffeb0f78ecf42f53cdb,2022-03-02T14:06:02.968Z,üêôMusashi13#5579,DISCORD,2022-04-02T04:20:29.913Z,6247cf0d71e68891991ae1b7
621f79cf95a79aa51435b4c1,373871853019594752,0ab76041380ae397aaecd68017b9aaf1,2022-03-02T14:06:02.968Z,ZER8üß†#9093,DISCORD,2022-06-06T08:33:16.534Z,6260235971e688919937497b
621f79cf95a79aa51435b4cc,288019500132073472,f2a7e7eb583ccb9397f85406a3962ec3,2022-03-02T14:06:02.968Z,divine_comedian#5493,DISCORD,2022-06-15T18:56:38.747Z,61f2a963102583655ce1d137
621f79d095a79aa51435b5a8,841089783324213278,becbeb030b2bbc7ed154054513d0be4e,2022-03-02T14:06:02.997Z,Alp#3768,DISCORD,2022-05-23T11:04:59.043Z,628b6a5bb9525fb4ac96d07d
621f79d095a79aa51435b5a9,800813072196435989,3bf1aecb7c5eafbb09c5e852997b90cb,2022-03-02T14:06:02.997Z,Lewwwk#4227,DISCORD,2022-03-02T14:06:12.130Z,null
621f79d095a79aa51435b5b8,676517295643820032,bfcde0fd88f9b8e9c184906a5080c128,2022-03-02T14:06:02.998Z,"sem(üå∏,üêù)#0161",DISCORD,2022-06-12T22:23:05.208Z,6272b0d0d6f46f43ffe285f9
621f79d095a79aa51435b5c8,587095069115285524,bac9adf3725ba0e07412d9282ed1b35c,2022-03-02T14:06:02.998Z,acidlazzer#5796,DISCORD,2022-06-15T19:01:46.329Z,622394ad6cf31bb86ae8d9f7
621f79d095a79aa51435b5d7,434632218246381569,ecb10317edc17d2e273d2404cc6f6a52,2022-03-02T14:06:02.999Z,santigs#9769,DISCORD,2022-06-09T18:23:24.819Z,62598fe771e68891992f3fce
621f79d095a79aa51435b5e0,466370740468318208,8e1527bd1816443128bb26787073be8b,2022-03-02T14:06:02.999Z,solsista#5370,DISCORD,2022-06-12T21:54:23.657Z,62703a8e71e68891994cda7d
621f79d095a79aa51435b5e9,770813150672846868,741c1631eca0dfb9ef3ebb85376ae2f0,2022-03-02T14:06:03.000Z,Letty#5399,DISCORD,2022-06-13T16:10:57.181Z,625dd1ec71e6889199343232
621f79d095a79aa51435b634,714915268329078894,ad7a1114be28156238c6ccca368d16a5,2022-03-02T14:06:03.000Z,Nuggan#5183,DISCORD,2022-06-15T18:56:39.996Z,61f15bb3102583655ce188fc
621f79d095a79aa51435b74c,837780387988111412,d0634dcb15e6afaf05f164da1e0dd1eb,2022-03-02T14:06:03.012Z,mafer_cordovas#1034,DISCORD,2022-05-27T15:09:10.957Z,625833f671e68891992d9be6
621f79d095a79aa51435b751,756512973870203011,c9182f7eb03a2d2af6cccaba35717984,2022-03-02T14:06:03.012Z,trangnv#2156,DISCORD,2022-04-21T03:12:13.567Z,6260cb8d71e68891993885c1
621f79d095a79aa51435b75a,815296222167695370,88d5d9f107d1ab6ae07bb59291ccca88,2022-03-02T14:06:03.012Z,jukren#8803,DISCORD,2022-03-02T14:06:08.954Z,null
621f79d095a79aa51435b75b,869989877960298536,2d19ec6c82aec9e8454392c2fe40b54b,2022-03-02T14:06:03.012Z,Yineisy Mota#1449,DISCORD,2022-05-05T21:28:47.332Z,625c848f71e6889199328ab3
621f79d095a79aa51435b75c,429611433685417986,a7d2816e62fb6d618fb49e769533ad5c,2022-03-02T14:06:03.012Z,mheuer#9922,DISCORD,2022-04-28T18:08:31.034Z,625ee85271e6889199356c64
621f79d095a79aa51435b789,778446953004007475,66df964f1e36116bca7844247c896564,2022-03-02T14:06:03.013Z,ALOYSIOUS#3049,DISCORD,2022-06-13T01:27:13.572Z,6248fe2471e68891991bd755
621f79d095a79aa51435b793,181200150608216064,null,2022-03-02T14:06:03.015Z,adnfx2#9648,DISCORD,2022-03-02T14:06:10.239Z,null
621f79d195a79aa51435b7c9,759534214025707621,c5fe31cb24940ae4caf62f8df230ea66,2022-03-02T14:06:03.017Z,shawn#7046,DISCORD,2022-04-19T10:51:01.568Z,61f16924102583655ce18cbc
621f79d195a79aa51435b827,839884825501761626,98cd3acbbc69419ae989513d88504ffd,2022-03-02T14:06:03.021Z,Ekeneodigwe#1502,DISCORD,2022-04-24T10:16:07.673Z,6265236771e68891993ddd9b
621f79d195a79aa51435b84b,532764098107146252,6c652f3d6ba6ab1fd1a349fa8300332b,2022-03-02T14:06:03.022Z,Caeser (PST)#0046,DISCORD,2022-04-13T13:28:40.087Z,null
621f79d195a79aa51435b84d,757538793489301614,c4bb93fffa6c8444254aaa23d9d0e357,2022-03-02T14:06:03.022Z,Paula I Peh Kah#8497,DISCORD,2022-03-02T14:06:15.671Z,null
621f79d195a79aa51435b85a,681157547482153011,4e9ce1588d5987d2087058a058750605,2022-03-02T14:06:03.022Z,EvoMensch#5604,DISCORD,2022-04-13T13:28:37.390Z,null
621f79d195a79aa51435b8a4,659828514924658688,dd3da91acbb1b0a8f23b7547a0556653,2022-03-02T14:06:03.024Z,ygg_anderson#4998,DISCORD,2022-06-14T22:00:42.414Z,625ed80171e6889199354d55
621f79d195a79aa51435b94e,530682470232883210,193353ccfcbc44b9892dbb7a5862c455,2022-03-02T14:06:03.027Z,innov8tor3#3988,DISCORD,2022-06-13T03:39:59.472Z,6227690a6cf31bb86aeac32d
621f79d195a79aa51435b951,760638567562477649,b94249f069858a802657ce9fa0d328e9,2022-03-02T14:06:03.027Z,Jolie_Ze#0295,DISCORD,2022-04-13T13:28:38.345Z,null
621f79d195a79aa51435b96f,762291726768799774,ce7c9ccea0e50cfb0a6aecb9ca30d038,2022-03-02T14:06:03.028Z,freshelle#9882,DISCORD,2022-06-13T03:40:02.796Z,6246f4bc71e68891991a3080
621f79d295a79aa51435bb4d,815645395191070730,9b9aaebb8329651e34aad47a1d017bf8,2022-03-02T14:06:03.035Z,thiago.rossi#1714,DISCORD,2022-06-09T18:02:47.192Z,null
621f79d295a79aa51435bba4,563686358695149569,553454111a3db8590dead559c1e4dba5,2022-03-02T14:06:03.037Z,bitsikka#8855,DISCORD,2022-04-19T10:50:55.815Z,null
621f79d295a79aa51435bbaf,882844327414468618,81d5a0bfb0b9fc0f866d5609e0d23a40,2022-03-02T14:06:03.037Z,daojoiner#9356,DISCORD,2022-03-02T14:06:03.037Z,null
621f79d295a79aa51435bc37,379260345228722176,8c32dc39634d530e713bcd2eaefcef57,2022-03-02T14:06:03.041Z,Mettodo#7010,DISCORD,2022-04-13T13:28:40.678Z,61f13fd3102583655ce182e5
621f79d395a79aa51435be2e,746815277513048144,null,2022-03-02T14:06:03.066Z,xm3van#0929,DISCORD,2022-06-02T17:47:34.145Z,null
621f79d395a79aa51435c019,809429306622345287,0c5b1e33eede67a4e729538884542cde,2022-03-02T14:06:03.105Z,patogit | Akik Takat#7853,DISCORD,2022-03-02T14:06:11.699Z,null
621f79d495a79aa51435c160,886125122556141588,9e649a9bbd82727ea0ffb8faf7ab3a0a,2022-03-02T14:06:03.110Z,amanwithwings#0165,DISCORD,2022-04-18T09:39:52.194Z,625d31e871e6889199333e81
621f79d495a79aa51435c167,342966331441938442,c2e3d3cd0b66980887cc383f5ee69937,2022-03-02T14:06:03.110Z,rdfbbx#6437,DISCORD,2022-04-29T12:44:36.969Z,62649d8471e68891993d55d4
621f79d495a79aa51435c19e,768093640026226708,520f2543ec69aec9a5aa9416a536ba35,2022-03-02T14:06:03.110Z,Stefano#8400,DISCORD,2022-04-20T13:28:16.114Z,62600a7071e68891993713b5
621f79d495a79aa51435c33f,249005209710362624,fd52223eb3a60649ccd2e83b04f65f61,2022-03-02T14:06:03.116Z,durgadas#9280,DISCORD,2022-06-14T21:34:40.863Z,624f19b571e6889199230053
621f79d495a79aa51435c340,604841131674435604,472918b2b5e8b5e1424259c982c62f4b,2022-03-02T14:06:03.117Z,Juliet ”æ LexyLab#6742,DISCORD,2022-03-02T14:06:03.117Z,null
621f79d495a79aa51435c399,766413634607775774,a_814e4777b063a67c0fb225bbd2455cef,2022-03-02T14:06:03.119Z,Rohekbenitez#8753,DISCORD,2022-06-13T03:40:03.127Z,62477ea171e68891991aac69
621f79d495a79aa51435c459,692367215621701695,bb7c96d7fe66a1fbbfd69e47b4efa3bf,2022-03-02T14:06:03.122Z,MS#4235,DISCORD,2022-04-21T18:38:43.072Z,6261a4b371e688919939fd5e
621f79d595a79aa51435c478,396397812037713924,2427a1547d9770429f692b00cf35d245,2022-03-02T14:06:03.122Z,johann#1308,DISCORD,2022-04-13T13:28:36.470Z,null
621f79d595a79aa51435c47a,708865402943438929,aa8bbfed9632c159c162bd07aca4d05c,2022-03-02T14:06:03.122Z,BK#7471,DISCORD,2022-04-13T13:28:36.442Z,null
621f79d595a79aa51435c5ff,343470788491476992,4ee572be9bb18b06c9292a97a2016cee,2022-03-02T14:06:03.132Z,GideonRo#3175,DISCORD,2022-06-14T22:00:40.662Z,61f2b65f102583655ce1f41f
621f79d595a79aa51435c6d8,805467270762856490,a8cb02682bdcc263545a6fe1cf21de89,2022-03-02T14:06:03.137Z,bends#3537,DISCORD,2022-06-13T03:40:04.509Z,62211eae95a79aa51436f8c1
621f79d595a79aa51435c792,371606921733603329,23b91976fa83f5f1609c897302077b9b,2022-03-02T14:06:03.145Z,bfa#7705,DISCORD,2022-04-13T13:28:39.919Z,61f54e58102583655ce2893a
621f79d695a79aa51435c7b0,633708951447535616,fa32450586a44254683a9734116bdeca,2022-03-02T14:06:03.145Z,LBS#6541,DISCORD,2022-06-02T09:09:44.680Z,62756c77d6f46f43ffe66503
621f79d695a79aa51435c7d2,250086586450968576,47dfdb0a34918f2e6a1abcf362dd8cc4,2022-03-02T14:06:03.146Z,mZ#3472,DISCORD,2022-04-28T17:10:24.817Z,null
621f79d695a79aa51435c8df,765317807952494634,a29fb330106d63ec6107dc05e76a0fc9,2022-03-02T14:06:03.149Z,heater#9765,DISCORD,2022-05-04T20:16:29.976Z,625ed40b71e6889199354952
621f79d695a79aa51435c961,775821730412757024,8ca2addd0b28117f4d61e08cb548e5fd,2022-03-02T14:06:03.151Z,WhyldWanderer#7002,DISCORD,2022-06-13T18:51:57.235Z,62a7874db85a03696d531969
621f79d695a79aa51435c96b,587970330778140688,null,2022-03-02T14:06:03.151Z,jon.s#3107,DISCORD,2022-03-02T14:06:14.667Z,null
621f79d695a79aa51435c977,453867647164219393,null,2022-03-02T14:06:03.151Z,UncleBimBim#1401,DISCORD,2022-03-02T14:06:17.307Z,null
621f79d695a79aa51435c9ef,875744776828358657,0c07a8d57f2b37ed353a3bd62ea36cd2,2022-03-02T14:06:03.153Z,Bob-FreeCircle#4901,DISCORD,2022-03-02T14:06:03.153Z,null
621f79d795a79aa51435cafc,564974398176755712,aafac8df7c5d23ccf557350b84d9f71d,2022-03-02T14:06:03.170Z,Lutzar#9885,DISCORD,2022-03-02T14:06:15.538Z,null
621f79d795a79aa51435cb16,476474330352451584,d5ea4e12c1c2c446befb58cf5a48c3a3,2022-03-02T14:06:03.170Z,anson parker#4296,DISCORD,2022-04-17T23:17:53.720Z,null
621f79d795a79aa51435cd15,841574608313516052,c6f990d3e5ab2a065ee7ce072048c2c0,2022-03-02T14:06:03.180Z,hanners717#2022,DISCORD,2022-05-06T14:10:33.296Z,6234a3c36cf31bb86af3f079
621f79d795a79aa51435cd34,438466973471342593,403e4a0329dd86618509ebb29a747c44,2022-03-02T14:06:03.181Z,divine#9879,DISCORD,2022-03-02T14:06:16.009Z,null
621f79d795a79aa51435cd3f,735842065849647144,3631bc8504b1f790435c5121ed66abb3,2022-03-02T14:06:03.181Z,QZ#6600,DISCORD,2022-04-19T15:51:10.881Z,625eda6e71e6889199354fcd
621f79d795a79aa51435cd43,861513367700111360,a_2192b510966b75661b83deabc917d812,2022-03-02T14:06:03.181Z,sidcode#1729,DISCORD,2022-04-13T13:28:40.550Z,61f1650f102583655ce18b7b
621f79d795a79aa51435cd48,493796432130867211,2694f91889fa1f1a19c7389f6d49874f,2022-03-02T14:06:03.181Z,Yashmanso#5552,DISCORD,2022-03-02T14:06:03.181Z,null
621f79d795a79aa51435cdc0,229882938970341377,6428837cce6a53c1eb26d9e947d73ddf,2022-03-02T14:06:03.184Z,tigeroid#2951,DISCORD,2022-04-13T13:28:39.594Z,61f16ff2102583655ce18eca
621f79d795a79aa51435cdc5,371363241512927232,6db4f0c706bd82172502c35559c105a2,2022-03-02T14:06:03.184Z,logonaut.eth#9437,DISCORD,2022-06-06T08:33:15.916Z,625ecd5a71e6889199354036
621f79d795a79aa51435ce61,548965307817918479,c3b96a130c3175ff184a43c565e76743,2022-03-02T14:06:03.187Z,Cesar#2892,DISCORD,2022-03-02T14:06:18.554Z,null
621f79d895a79aa51435d01a,755383991300915290,a58e400056417f1d790deda8e41c5df0,2022-03-02T14:06:03.210Z,Kojak#5611,DISCORD,2022-06-06T08:33:19.918Z,625f77d471e6889199360913
621f79d895a79aa51435d032,390852698251067394,null,2022-03-02T14:06:03.210Z,Max Semenchuk#3335,DISCORD,2022-03-02T14:06:16.796Z,null
621f79d895a79aa51435d0ba,321011444755726337,c545d0b39aadd5d720466bed7fc925c2,2022-03-02T14:06:03.213Z,NikosamA98#5909,DISCORD,2022-04-13T13:28:37.835Z,null
621f79d895a79aa51435d0bc,155495761931403264,a44d431a0b083cb4ea678e20d3b03953,2022-03-02T14:06:03.213Z,Sapote#7653,DISCORD,2022-04-18T19:51:48.611Z,625dc15471e6889199342163
621f79d895a79aa51435d0d4,825058392300847185,9cd392d338b36e512f7e94d150a851e5,2022-03-02T14:06:03.213Z,inventandchill#7140,DISCORD,2022-06-02T17:48:23.429Z,null
621f79d895a79aa51435d0f6,792307840961740811,ca5c5d09c5ad7bd398cee89ec08154b2,2022-03-02T14:06:03.214Z,Fobey.eth#4516,DISCORD,2022-04-13T13:28:35.062Z,null
621f79d995a79aa51435d1f6,336423896599232512,06d14ff234b51011880510cb8be34df2,2022-03-02T14:06:03.219Z,r33pich33p#6906,DISCORD,2022-06-13T03:39:57.909Z,625988f971e68891992f3631
621f79d995a79aa51435d1f8,390056980624048128,6a9639868c5d271bdf4bade3af63d0b9,2022-03-02T14:06:03.219Z,Amrik#1313,DISCORD,2022-03-02T14:06:16.930Z,null
621f79d995a79aa51435d215,768973489532305428,08da7cd37b18c21a965b594220c3cd99,2022-03-02T14:06:03.220Z,Ali Pizra#7151,DISCORD,2022-03-02T14:06:19.247Z,null
621f79d995a79aa51435d24e,876056250654269460,36e04ba669c77fb6873a8a862f6928f1,2022-03-02T14:06:03.220Z,graial#0787,DISCORD,2022-04-20T00:35:38.726Z,625f555a71e688919935e636
621f79d995a79aa51435d253,217828620029132802,6ce5b599950add5196498cd3256d94f1,2022-03-02T14:06:03.220Z,peyton#8717,DISCORD,2022-03-02T14:06:03.220Z,null
621f79d995a79aa51435d259,753494673808424961,99890c193cee4c7d449b171363311322,2022-03-02T14:06:03.220Z,EdgarWeb3#5783,DISCORD,2022-04-13T13:28:38.353Z,null
621f79d995a79aa51435d2e2,699811072282066945,2889b63240e04f688adaccc8be74f636,2022-03-02T14:06:03.222Z,üêô octopus#5508,DISCORD,2022-05-27T15:09:05.294Z,6261df7071e68891993a3bc4
621f79d995a79aa51435d3aa,902543185367142400,3485dc9d4dafd5db7ec18f6ed2979c3f,2022-03-02T14:06:03.225Z,pat.zip (TE Academy)#5266,DISCORD,2022-06-15T23:36:58.567Z,624c221971e68891991ea3ae
621f79d995a79aa51435d3ad,372372296289091586,606bc2653fc1643dcfe2a2b298c3b4c4,2022-03-02T14:06:03.225Z,dawg#6444,DISCORD,2022-04-13T13:28:35.083Z,null
621f79da95a79aa51435d425,898054545970700328,a_ea29192e2e46bb48d229acbb83475f43,2022-03-02T14:06:03.226Z,zadok7.eth#0007,DISCORD,2022-04-21T14:04:04.453Z,null
621f79da95a79aa51435d444,897541670793515071,668a7b7bef1fea14f6d55d452c1a7d89,2022-03-02T14:06:03.227Z,AnaTech#7412,DISCORD,2022-06-15T23:15:11.210Z,null
621f79da95a79aa51435d52a,716075819755110440,d77cb3d4d73ca4c58dcc8b72389f4d82,2022-03-02T14:06:03.231Z,angieberryberry#9822,DISCORD,2022-06-15T23:15:10.691Z,625f1e8171e688919935a698
621f79db95a79aa51435d70b,821774078276665375,null,2022-03-02T14:06:03.239Z,vangelis#4349,DISCORD,2022-04-13T13:28:36.347Z,null
621f79db95a79aa51435d72d,609265288776515584,null,2022-03-02T14:06:06.334Z,Revathi#5324,DISCORD,2022-03-02T14:06:11.582Z,null
621f79db95a79aa51435d72f,97663671152410624,df92dc7391dd2fd0e503ed10b73f50d3,2022-03-02T14:06:06.343Z,davidhq#6023,DISCORD,2022-04-13T13:28:38.971Z,null
621f79db95a79aa51435d735,291388682710024192,48b792661683f55b8dc046f144642bc6,2022-03-02T14:06:06.395Z,James | NEAR#0357,DISCORD,2022-03-02T14:06:17.391Z,null
621f79db95a79aa51435d737,689143973637259296,9eb03a605a92d4a24929d1325957e6ba,2022-03-02T14:06:06.407Z,Renzo D5#3503,DISCORD,2022-03-02T14:06:17.657Z,null
621f79db95a79aa51435d73f,494112209979310080,null,2022-03-02T14:06:06.530Z,mikaelseppala#6132,DISCORD,2022-03-02T14:06:13.822Z,null
621f79db95a79aa51435d749,754295268228202617,null,2022-03-02T14:06:06.650Z,MehighCB#4516,DISCORD,2022-03-02T14:06:08.449Z,null
621f79db95a79aa51435d74d,421698230087319558,6803e0f8a9aadb701dc8aeb1071f9bc2,2022-03-02T14:06:06.680Z,nathalia#0926,DISCORD,2022-03-02T14:06:09.484Z,null
621f79db95a79aa51435d750,533943968325697538,35bf8828f46c2fc5cd1582478a2631c7,2022-03-02T14:06:06.704Z,Amin#2164,DISCORD,2022-03-02T14:06:13.607Z,null
621f79db95a79aa51435d757,426314998822731787,e9eddf1eceb2d43b85bbfd4ad7e6901e,2022-03-02T14:06:06.735Z,geleeroyale#3228,DISCORD,2022-06-07T06:53:36.573Z,null
621f79db95a79aa51435d75a,343795714134114306,null,2022-03-02T14:06:06.788Z,Cryptainist#8427,DISCORD,2022-03-02T14:06:06.788Z,null
621f79db95a79aa51435d761,791423815765983252,df4af18eaed12626f2dc551763fd7ca9,2022-03-02T14:06:06.787Z,AnnAnna#4694,DISCORD,2022-06-12T22:24:57.037Z,624dd39771e6889199213474
621f79db95a79aa51435d763,471384482126233600,a6f1c186a73afc2f74ac50fea8e9aea7,2022-03-02T14:06:06.792Z,Felipe Duarte#8100,DISCORD,2022-03-02T14:06:17.926Z,null
621f79db95a79aa51435d766,834548116514013206,null,2022-03-02T14:06:06.796Z,Atotsm#5719,DISCORD,2022-04-13T13:28:37.436Z,null
621f79db95a79aa51435d76b,312779550230708225,956ac04ca6c6370a2e750d246f89610c,2022-03-02T14:06:06.802Z,gritty67#0518,DISCORD,2022-06-12T22:14:19.756Z,null
621f79db95a79aa51435d76d,704131286448734289,b63a1273114b46c8be7d64666752fecc,2022-03-02T14:06:06.818Z,taxil#8577,DISCORD,2022-05-04T20:34:39.821Z,null
621f79db95a79aa51435d770,337308591394521089,e073e51a39a4de3a9b0fe09aa775629e,2022-03-02T14:06:06.820Z,randomshinichi#1165,DISCORD,2022-03-02T14:06:12.988Z,null
621f79db95a79aa51435d772,813234939633336320,null,2022-03-02T14:06:06.821Z,Justice#8638,DISCORD,2022-03-02T14:06:11.610Z,null
621f79db95a79aa51435d778,696312429059113010,null,2022-03-02T14:06:06.826Z,bettinabf#4777,DISCORD,2022-03-02T14:06:07.865Z,null
621f79db95a79aa51435d7a6,543076293160206337,null,2022-03-02T14:06:06.978Z,kei#9866,DISCORD,2022-03-02T14:06:15.670Z,null
621f79db95a79aa51435d7b0,460149781562523650,801ce3da7d7a57f471f35f26d895deef,2022-03-02T14:06:06.991Z,elessar.eth#7945,DISCORD,2022-05-04T20:10:37.059Z,null
621f79db95a79aa51435d7be,796816122925285407,d61d0c44d4d9d5bbf97836861ca58adb,2022-03-02T14:06:07.022Z,mercedesrodsim#1317,DISCORD,2022-03-02T14:06:07.022Z,null
621f79db95a79aa51435d7cd,716083200870449154,null,2022-03-02T14:06:07.055Z,Piedra de mar#2107,DISCORD,2022-03-02T14:06:07.055Z,null
621f79db95a79aa51435d7df,718574139895447673,null,2022-03-02T14:06:07.094Z,Wen#1934,DISCORD,2022-03-02T14:06:07.094Z,null
621f79db95a79aa51435d7f3,369284552763375617,633994a8a96d8efb39f7e3f43d0585e8,2022-03-02T14:06:07.123Z,joseacabrerav#5399,DISCORD,2022-03-02T14:06:07.123Z,null
621f79db95a79aa51435d7f5,760182911991021650,6928d5562bbf95e5569b928b4352bd3d,2022-03-02T14:06:07.121Z,VitorNunes#0090,DISCORD,2022-04-21T13:50:32.149Z,null
621f79db95a79aa51435d84c,88836610321289216,dfce1b892d956b4943422702968eb91a,2022-03-02T14:06:07.219Z,lEscanore#7764,DISCORD,2022-04-13T13:28:40.666Z,null
621f79db95a79aa51435d8af,642817976877318174,a_38a6f4f3705a85365dfb31d3542d7377,2022-03-02T14:06:07.572Z,solarmkd#5631,DISCORD,2022-03-02T14:06:10.407Z,null
621f79db95a79aa51435d8b0,412633549737295883,b9370ad6d81fb729993ffbc00f8e697e,2022-03-02T14:06:07.579Z,vicente.eth#4828,DISCORD,2022-03-02T14:06:19.087Z,null
621f79db95a79aa51435d8b8,474151620813520896,5b163a7224f8f83e2bd219cad76a9b83,2022-03-02T14:06:07.598Z,D8N1#8408,DISCORD,2022-03-02T14:06:07.701Z,null
621f79db95a79aa51435d8bd,812391277500170240,null,2022-03-02T14:06:07.593Z,Luci DML#90,DISCORD,2022-03-02T14:06:07.518Z,null
621f79db95a79aa51435d8d9,775271733367799819,03749f84282c6d3380abe789ad297f3d,2022-03-02T14:06:07.653Z,Pronoiaüêôü¶ò#2154,DISCORD,2022-05-27T15:09:07.684Z,null
621f79db95a79aa51435d8dd,668862899569295360,null,2022-03-02T14:06:07.642Z,sacha üêù#8437,DISCORD,2022-03-02T14:06:11.643Z,null
621f79db95a79aa51435d8e8,740830207879151626,null,2022-03-02T14:06:07.651Z,Michel Bauwens#1511,DISCORD,2022-03-02T14:06:17.705Z,null
621f79db95a79aa51435d8ed,625603503188082688,222d6366ec6bcf0a6f8997dd185cea16,2022-03-02T14:06:07.668Z,notsure1#0821,DISCORD,2022-05-07T06:24:52.581Z,null
621f79db95a79aa51435d8f5,194433073394352129,null,2022-03-02T14:06:07.659Z,nickjohnson#9532,DISCORD,2022-03-02T14:06:07.659Z,null
621f79db95a79aa51435d8f8,723093092231544863,null,2022-03-02T14:06:07.665Z,andythegreenie#7463,DISCORD,2022-03-02T14:06:17.709Z,null
621f79db95a79aa51435d8fc,433877864849473557,426992a96a4d443fd0931bfe92ff1515,2022-03-02T14:06:07.699Z,KZ Flyer#0926,DISCORD,2022-05-20T13:43:58.576Z,62510f4871e688919924cca3
621f79db95a79aa51435d90c,689889685492990112,e013be17b1bfe52b40acdff521cce297,2022-03-02T14:06:07.658Z,SteveWright#3039,DISCORD,2022-03-02T14:06:14.224Z,null
621f79db95a79aa51435d953,729523916175048786,ae8c6ba9d83f4be3b7f0ba14659fe36a,2022-03-02T14:06:07.828Z,OddName#8763,DISCORD,2022-03-02T14:06:09.678Z,null
621f79db95a79aa51435d967,465630094786822164,171c2466d93fe185d64b7d88c62cdd88,2022-03-02T14:06:07.847Z,giulioquarta#7413,DISCORD,2022-03-02T14:06:14.607Z,null
621f79db95a79aa51435d969,648099371073929216,null,2022-03-02T14:06:07.848Z,felixfalafel#5606,DISCORD,2022-05-19T17:51:41.314Z,628683adb9525fb4ac93a15b
621f79db95a79aa51435d96e,486501030046203915,5f680cd8656d4be5ed0e67c0a3ab6f72,2022-03-02T14:06:07.610Z,barnab√©#7926,DISCORD,2022-04-20T19:04:36.069Z,6260594471e688919937ad03
621f79db95a79aa51435d97a,566008224545767467,null,2022-03-02T14:06:07.862Z,Kademlia#2253,DISCORD,2022-03-02T14:06:07.862Z,null
621f79db95a79aa51435d97d,838325190182174720,d09c6a57f0d2631ae075d882a3f24174,2022-03-02T14:06:07.666Z,JustinKalland#0001,DISCORD,2022-04-19T19:47:28.124Z,625f11d071e68891993599bf
621f79db95a79aa51435d97f,795295822534148096,a301d7d1bcff1583f30942410b1fe365,2022-03-02T14:06:07.890Z,danielo#2815,DISCORD,2022-05-07T11:32:03.704Z,627658b3d6f46f43ffe72884
621f79db95a79aa51435d985,497175719525482496,null,2022-03-02T14:06:07.508Z,airnova#1324,DISCORD,2022-03-02T14:06:12.136Z,null
621f79db95a79aa51435d995,420651712488144898,c0e6e48c3ef49d825c2b90fb1c88915f,2022-03-02T14:06:07.965Z,Gary Latta#3838,DISCORD,2022-03-02T14:06:07.965Z,null
621f79db95a79aa51435d9a9,446654944934756362,4d09a67c43aba83e98209a18b9c64fd9,2022-03-02T14:06:07.731Z,gruad#1079,DISCORD,2022-03-02T14:06:07.731Z,null
621f79db95a79aa51435d9c4,689614876515237925,52473ff62158c2321cac01ad4a99c104,2022-03-02T14:06:07.955Z,xdamman#3734,DISCORD,2022-04-19T15:54:25.843Z,625edb3171e688919935509d
621f79db95a79aa51435d9f0,563519780955357187,null,2022-03-02T14:06:08.033Z,0xJoshua#888,DISCORD,2022-03-02T14:06:15.638Z,null
621f79db95a79aa51435d9c5,715932891992817695,null,2022-03-02T14:06:07.832Z,Will | Regen Foundation#6405,DISCORD,2022-03-02T14:06:11.586Z,null
621f79db95a79aa51435d9d6,624571193298780195,d6359e222894b1d446a8a0055a63cb5c,2022-03-02T14:06:07.902Z,Gus#1951,DISCORD,2022-03-02T14:06:15.668Z,null
621f79db95a79aa51435d9f6,464839138932162561,d4bfd31f53e4c2c831e7d1023664a785,2022-03-02T14:06:08.095Z,theobtl#5976,DISCORD,2022-03-02T14:06:12.445Z,null
621f79db95a79aa51435da04,461588905138061343,478b43bd638672d2e154de1932b32917,2022-03-02T14:06:08.021Z,Pat ‚ú®#3662,DISCORD,2022-04-20T13:09:55.569Z,6260062371e6889199370f56
621f79db95a79aa51435da07,378444088900321301,119809992e285d06993c0b3580bbc1a5,2022-03-02T14:06:08.085Z,Lin#3884,DISCORD,2022-04-28T07:30:24.823Z,626a429071e688919944f799
621f79db95a79aa51435da09,737303948549029979,832830469b7e445cd8847b3540ee9580,2022-03-02T14:06:08.092Z,jori#5279,DISCORD,2022-04-13T13:28:37.821Z,null
621f79db95a79aa51435da06,142474743029694464,null,2022-03-02T14:06:08.030Z,fahern#7639,DISCORD,2022-03-02T14:06:14.555Z,null
621f79db95a79aa51435da67,427313151587909632,33058b7ca47c14cae6e7a806265fe4ac,2022-03-02T14:06:08.270Z,patriacaelum#3496,DISCORD,2022-04-13T13:28:39.675Z,null
621f79db95a79aa51435da6c,335531856336257027,7e304fc6cb1d93724dc886281a0c908a,2022-03-02T14:06:08.275Z,satorid#8361,DISCORD,2022-03-02T14:06:08.275Z,null
621f79db95a79aa51435daa3,696688739879092284,c74ba7184292c47c6d55bb776f4805fe,2022-03-02T14:06:08.351Z,fabiomendes#4802,DISCORD,2022-04-20T15:17:34.316Z,6260240e71e6889199374a34
621f79db95a79aa51435dad2,135294406499631105,acf9eb17ea21508960cda3f3eee38ddc,2022-03-02T14:06:08.443Z,pabüêùüêô#6151,DISCORD,2022-05-26T21:46:22.917Z,628ff52eb9525fb4ac9a2adc
621f79db95a79aa51435db1c,710527526094503997,86bf4073925142c8ec7fb3bacbdb04ab,2022-03-02T14:06:08.529Z,glocalvr#3469,DISCORD,2022-03-02T14:06:08.529Z,null
621f79db95a79aa51435db1e,597278765487489046,null,2022-03-02T14:06:08.530Z,Tarun Gupta | MultiSafe#9929,DISCORD,2022-03-02T14:06:08.530Z,null
621f79db95a79aa51435db34,584426517074018307,null,2022-03-02T14:06:08.558Z,Sukanshi | MultiSafe#9407,DISCORD,2022-03-02T14:06:08.558Z,null
621f79db95a79aa51435db70,749486305469136976,null,2022-03-02T14:06:08.683Z,Accelerated Capital#5756,DISCORD,2022-03-02T14:06:08.728Z,null
621f79db95a79aa51435db82,551837798399737879,667222b1d55ec24c04e2cb8c8666a1b7,2022-03-02T14:06:08.723Z,drllau#2628,DISCORD,2022-03-02T14:06:10.334Z,null
621f79db95a79aa51435db8b,802300216656003102,91c34be1ab2422faff94781e9eb7d625,2022-03-02T14:06:08.730Z,irenioskamoska#7519,DISCORD,2022-06-12T22:06:59.687Z,6266c7ec71e68891993fb2ad
621f79db95a79aa51435db99,620452002425470977,84d5d793e30946421d7aedcc75a55052,2022-03-02T14:06:08.751Z,eugene#1706,DISCORD,2022-04-26T11:57:52.015Z,6267de4071e6889199411136
621f79db95a79aa51435dba4,390142533566464000,e5ee007ea675f838bd2330148492d4c3,2022-03-02T14:06:08.752Z,danlessa#2831,DISCORD,2022-04-19T17:41:41.543Z,625ef45571e688919935788c
621f79db95a79aa51435dba9,752308957447585884,6efdc85cd5ca6d2212ccafd53ff037f6,2022-03-02T14:06:08.762Z,Lisa JY Tan#3350,DISCORD,2022-03-02T14:06:18.631Z,null
621f79db95a79aa51435dbc9,367747285842657290,null,2022-03-02T14:06:08.791Z,Adam Stallard#5971,DISCORD,2022-04-13T13:28:40.465Z,null
621f79db95a79aa51435dbd0,484862180370677761,c5517d4f9b3a3645cbd2fe0932dc3302,2022-03-02T14:06:08.833Z,blairv#2323,DISCORD,2022-03-02T14:06:08.833Z,null
621f79db95a79aa51435dbd6,404725026042937364,null,2022-03-02T14:06:08.835Z,ChrisCyphert#4148,DISCORD,2022-03-02T14:06:14.593Z,null
621f79db95a79aa51435dbde,543144983457169429,null,2022-03-02T14:06:08.845Z,Kris Paruch#738,DISCORD,2022-03-02T14:06:14.617Z,null
621f79db95a79aa51435dbe0,388090300612214806,038be8a4f4c6f190fa5b48ef5030011b,2022-03-02T14:06:08.844Z,Julio Holon#2942,DISCORD,2022-04-20T15:03:35.813Z,626020c771e6889199372ba3
621f79db95a79aa51435dbe5,377861327319990272,null,2022-03-02T14:06:08.843Z,JamesF#7637,DISCORD,2022-03-02T14:06:08.843Z,null
621f79db95a79aa51435dbef,595513452542558239,ef2a6d04d49d3430224ef3334874a698,2022-03-02T14:06:08.853Z,Paul Haas#7536,DISCORD,2022-04-28T17:10:27.293Z,null
621f79db95a79aa51435dbf5,862552982481666059,null,2022-03-02T14:06:08.863Z,clrwater#5711,DISCORD,2022-03-02T14:06:08.863Z,null
621f79db95a79aa51435dbf8,748983292342042675,7550aca931805abbcd4abf467850d177,2022-03-02T14:06:08.859Z,Ronald#6940,DISCORD,2022-06-13T03:40:02.148Z,625d3c0871e68891993349d5
621f79db95a79aa51435dc01,296408814377369621,6d4f9cdcb171f8dba37de15bef4cf3a9,2022-03-02T14:06:08.867Z,MisterBoyfriend#7096,DISCORD,2022-04-24T23:52:13.519Z,null
621f79db95a79aa51435dc02,720204738997649429,f03ad25e921f76f73fd8cc399e0f57f4,2022-03-02T14:06:08.869Z,Ata#4155,DISCORD,2022-05-19T17:47:57.706Z,null
621f79dc95a79aa51435dc1d,673967290068500491,e290b380d88c43576d7f5c19def1ce48,2022-03-02T14:06:08.936Z,Deepcryptodive | GoodGhosting#1044,DISCORD,2022-03-02T14:06:08.936Z,null
621f79dc95a79aa51435dc2b,370936911268806667,null,2022-03-02T14:06:08.942Z,"üêô peth don't need your eth#8052",DISCORD,2022-03-02T14:06:15.677Z,null
621f79dc95a79aa51435dc2c,593179283061735475,null,2022-03-02T14:06:08.951Z,lefterisjp | Rotki#7253,DISCORD,2022-03-02T14:06:13.653Z,null
621f79dc95a79aa51435dc39,865615441582227456,750ec13c1c7af741302d6a39b7ef4b46,2022-03-02T14:06:08.955Z,Blancs#1667,DISCORD,2022-04-13T13:28:38.682Z,62233c316cf31bb86ae8b42b
621f79dc95a79aa51435dc3b,728550815148802058,null,2022-03-02T14:06:08.954Z,LuukDAO#5294,DISCORD,2022-03-02T14:06:15.641Z,null
621f79dc95a79aa51435dc47,407297154596470785,e9d9cbc1d0105a59cd3ecb3cbd6ea347,2022-03-02T14:06:08.945Z,stephenreid321#9055,DISCORD,2022-03-02T14:06:11.588Z,null
621f79dc95a79aa51435dc5a,869940637594714183,3a19e8e74e29c54ca67342ce050bce03,2022-03-02T14:06:09.019Z,BiancaGadelha#2667,DISCORD,2022-06-13T01:27:13.671Z,624604c271e6889199199198
621f79dc95a79aa51435dc5d,582987556954701918,885431ef724ea8ec292e020efbee90a2,2022-03-02T14:06:09.020Z,JohnPaller | Opolis#2670,DISCORD,2022-04-13T13:28:39.262Z,null
621f79dc95a79aa51435dc6b,465814189747732490,3dd56dd64207a28745686ea81c709bfa,2022-03-02T14:06:09.035Z,Media#1337,DISCORD,2022-03-02T14:06:09.039Z,null
621f79dc95a79aa51435dca2,789433609320529951,53fdff0389252641946360451250a417,2022-03-02T14:06:09.112Z,ddan#2489,DISCORD,2022-06-14T20:20:31.225Z,6272a478d6f46f43ffe242ac
621f79dc95a79aa51435dcf5,553897781085995019,4b6b02594a9ae98e9b1df2dd7d0e3c1e,2022-03-02T14:06:09.289Z,bradleyc#3333,DISCORD,2022-04-19T10:50:54.167Z,null
621f79dc95a79aa51435dd11,603639700678377543,5ba6c977c8a98c38af0b71ebc54c1ab5,2022-03-02T14:06:09.307Z,DaveW#9619,DISCORD,2022-03-02T14:06:15.848Z,null
621f79dc95a79aa51435dd1f,337769522100568076,null,2022-03-02T14:06:09.351Z,krrisis#4754,DISCORD,2022-03-02T14:06:10.432Z,null
621f79dc95a79aa51435dd2a,631075885340033034,null,2022-03-02T14:06:09.360Z,Stephen | NFTfi.com#2851,DISCORD,2022-03-02T14:06:09.360Z,null
621f79dc95a79aa51435dd4f,126361233937924096,924e0915f7b1574d767b832d0be4b1fc,2022-03-02T14:06:09.377Z,pKrepe#5682,DISCORD,2022-05-27T17:17:14.664Z,625f5b5771e688919935ec4a
621f79dc95a79aa51435dd69,709358677219606600,5e727fab46e09bd9c98e6ac7bf978db0,2022-03-02T14:06:09.425Z,Loie#2921,DISCORD,2022-06-12T22:23:05.442Z,null
621f79dc95a79aa51435dd7c,734235016053391462,e9649b4571b2125d6f1c7b977b6517f2,2022-03-02T14:06:09.341Z,gijsspoor#0183,DISCORD,2022-03-02T14:06:17.033Z,null
621f79dc95a79aa51435dda1,560161904090152984,b9ac688ba6aac5018b3033662258d3bc,2022-03-02T14:06:09.494Z,Jsimbouras#2339,DISCORD,2022-03-02T14:06:12.256Z,null
621f79dc95a79aa51435ddb9,461821653123334145,33b45a954b9f157249f3702413cbbd2b,2022-03-02T14:06:09.548Z,Cyber Rabbit#3221,DISCORD,2022-03-02T14:06:13.807Z,null
621f79dc95a79aa51435ddd8,391243802301431810,null,2022-03-02T14:06:09.576Z,Adam B#4867,DISCORD,2022-03-02T14:06:09.576Z,null
621f79dc95a79aa51435de5f,233158250655121408,null,2022-03-02T14:06:09.744Z,Bernd#7041,DISCORD,2022-03-02T14:06:09.744Z,null
621f79dc95a79aa51435de75,362186260338704386,null,2022-03-02T14:06:09.780Z,Fortunov | Aragon#6678,DISCORD,2022-03-02T14:06:09.780Z,null
621f79dc95a79aa51435de7a,384333876572454912,null,2022-03-02T14:06:09.784Z,BenScholtz#3339,DISCORD,2022-03-02T14:06:09.784Z,null
621f79dc95a79aa51435deee,741214806459285514,null,2022-03-02T14:06:09.930Z,NaN#6925,DISCORD,2022-03-02T14:06:09.930Z,null
621f79dc95a79aa51435df67,412873985773142016,f90cdcb16f8766e52405029522a79ce8,2022-03-02T14:06:10.101Z,Peter (porobov.eth) ü§ñ#3488,DISCORD,2022-03-02T14:06:18.987Z,null
621f79dc95a79aa51435dfce,760279960991694848,7e359fc8f849c781fc96874f523737e3,2022-03-02T14:06:10.247Z,T Wells#9070,DISCORD,2022-04-13T13:28:40.249Z,null
621f79dc95a79aa51435dffd,283558770578030592,afe895e387f235a2ff941385b7a07deb,2022-03-02T14:06:10.306Z,hernandoagf#3014,DISCORD,2022-03-02T14:06:10.306Z,null
621f79dc95a79aa51435e00f,409774043168768008,5a4e75daf65c7e7ae99040bc1daba496,2022-03-02T14:06:10.332Z,GCF#3655,DISCORD,2022-03-02T14:06:10.603Z,null
621f79dc95a79aa51435e033,335897048148738066,e7b001aa975f212e488319b64b03ea82,2022-03-02T14:06:10.404Z,ceresbzns#4276,DISCORD,2022-04-15T19:45:34.340Z,6259cb5e71e68891992f9030
621f79dc95a79aa51435e039,882107707161714698,f03f0318334a7c137c7b5287ee300464,2022-03-02T14:06:10.408Z,MorganicMovement üçÑ#1085,DISCORD,2022-06-14T19:56:25.610Z,null
621f79dc95a79aa51435e04b,737822744963711039,749925dccec1c2a15964cdb7086ac1ba,2022-03-02T14:06:10.420Z,monstrosity#5714,DISCORD,2022-04-13T13:28:39.700Z,null
621f79dc95a79aa51435e05a,319946214135037953,a726a73ffed29c604e8b6821e6a62301,2022-03-02T14:06:10.427Z,CurlyBracketEffect#5572,DISCORD,2022-04-22T21:42:37.097Z,6263214d71e68891993babba
621f79dc95a79aa51435e0b3,882799010522480640,05e8cfdffb30ad88ad3c7c056955467f,2022-03-02T14:06:10.573Z,Maya.Sierra#7592,DISCORD,2022-03-02T14:06:10.573Z,null
621f79dc95a79aa51435e0c2,276138386807586817,72bb75d990d88ed42f3fbb4e2942c40a,2022-03-02T14:06:10.609Z,imranistan#5185,DISCORD,2022-03-02T14:06:10.614Z,null
621f79dc95a79aa51435e0db,512745291313840128,860f7540f1e8fad7d8612a858049c209,2022-03-02T14:06:10.620Z,eli_#0534,DISCORD,2022-03-02T14:06:10.620Z,null
621f79dc95a79aa51435e14b,808991142057213955,d994c50528d64de6691fdeae413dd5fb,2022-03-02T14:06:10.775Z,paul2#3057,DISCORD,2022-04-19T10:51:02.804Z,null
621f79dc95a79aa51435e190,399887200457850890,e3dd753f408949ad2d3e2b47225dc7ca,2022-03-02T14:06:10.847Z,K.#9150,DISCORD,2022-04-18T03:29:39.613Z,625cdb2371e688919932e24f
621f79dc95a79aa51435e1ae,640221572736745477,36a7f9c0cbe5cf61601ad73ec903416b,2022-03-02T14:06:10.855Z,bierlingm.hc#9895,DISCORD,2022-04-15T20:15:05.971Z,null
621f79dc95a79aa51435e1c4,839914993998495765,136fd53ff276e9804c4877a56ce4c8e6,2022-03-02T14:06:10.898Z,Shaila#4348,DISCORD,2022-03-02T14:06:10.898Z,null
621f79dc95a79aa51435e1cb,722593944466096134,fe5c4e5ca788fffc5fada6675e9bd826,2022-03-02T14:06:10.901Z,ActiveInferenceLab#3629,DISCORD,2022-05-19T20:03:58.189Z,6259c79f71e68891992f8b2c
621f79dc95a79aa51435e1ec,683841786539802765,f9d3ec9ac2285e9287f4e3643ba5bd18,2022-03-02T14:06:10.958Z,fabi#2426,DISCORD,2022-04-16T00:32:52.469Z,625a0eb471e68891992fe7f9
621f79dd95a79aa51435e223,616693234915344413,e423bd67419e08bb683d1fae7f0b2e85,2022-03-02T14:06:10.903Z,Rudi#1165,DISCORD,2022-04-19T16:03:24.891Z,625edd4c71e68891993553e1
621f79dd95a79aa51435e224,280788802631630858,9174577b8b80a692235742787cfcb751,2022-03-02T14:06:10.953Z,luigy ùóπùó≤ùó∫ùóºùóª#1337,DISCORD,2022-04-15T19:23:07.024Z,6259c61b71e68891992f88f2
621f79dd95a79aa51435e228,440281764204642314,0b5d632b6239200e206fdfe6efd697d3,2022-03-02T14:06:11.020Z,Santiago#0325,DISCORD,2022-03-02T14:06:12.605Z,null
621f79dd95a79aa51435e276,699013677751205920,2054a3f03ee750ed3a6861f2cdf9fb73,2022-03-02T14:06:11.127Z,Mert Ozd#6679,DISCORD,2022-06-12T03:49:46.112Z,6256e26371e68891992b076e
621f79dd95a79aa51435e288,318552163649454081,a7495c44681943eaea928c5e0194b1cb,2022-03-02T14:06:11.140Z,hz#8826,DISCORD,2022-04-13T13:28:39.972Z,6247a58271e68891991ac72f
621f79dd95a79aa51435e2c7,499662507422777345,null,2022-03-02T14:06:11.205Z,bubbado#7885,DISCORD,2022-03-02T14:06:11.232Z,null
621f79dd95a79aa51435e2df,609127012618993817,null,2022-03-02T14:06:11.221Z,Beno√Æt Kulesza#7976,DISCORD,2022-03-02T14:06:12.144Z,null
621f79dd95a79aa51435e30b,389996993960738816,null,2022-03-02T14:06:11.241Z,{ia}#6879,DISCORD,2022-03-02T14:06:11.241Z,null
621f79dd95a79aa51435e30e,366264063577292801,null,2022-03-02T14:06:11.270Z,zakk#896,DISCORD,2022-03-02T14:06:11.270Z,null
621f79dd95a79aa51435e311,118260545211072517,b3648009c3d592ae4d0ab2bdd3ec9389,2022-03-02T14:06:11.272Z,METADREAMER üêô#1111,DISCORD,2022-03-02T14:06:11.272Z,null
621f79dd95a79aa51435e313,800793722190954537,cbc7789c97f24ba72dc067cba3206ca5,2022-03-02T14:06:11.273Z,isysoares#5223,DISCORD,2022-03-02T14:06:11.691Z,null
621f79dd95a79aa51435e31f,794792348328394753,null,2022-03-02T14:06:11.228Z,mbertranou#5782,DISCORD,2022-03-02T14:06:11.228Z,null
621f79dd95a79aa51435e350,789345223968292895,580827dd469c443171a13419540ede0c,2022-03-02T14:06:11.315Z,magwalk#8115,DISCORD,2022-03-02T14:06:15.407Z,null
621f79dd95a79aa51435e353,863157903333392384,662c385a28cba71fa8df10695d46c299,2022-03-02T14:06:11.316Z,justkassie#0539,DISCORD,2022-03-02T14:06:11.316Z,null
621f79dd95a79aa51435e3ff,531117319200702475,f542c59fb11e13a73d2d44890076ad90,2022-03-02T14:06:11.504Z,now#5422,DISCORD,2022-03-02T14:06:11.504Z,null
621f79dd95a79aa51435e410,799766937768034396,063efea2769c1a09fee76ad2a589d72f,2022-03-02T14:06:11.536Z,Miles#9305,DISCORD,2022-03-02T14:06:11.536Z,null
621f79dd95a79aa51435e41d,507347056533438475,cf85174c493b9b6b6f26889a94583afd,2022-03-02T14:06:11.584Z,Todd Y.#9686,DISCORD,2022-04-15T19:04:04.103Z,6259c1a471e68891992f82bb
621f79dd95a79aa51435e420,363774203960360961,bac846c6f28184a92958678b53c8d789,2022-03-02T14:06:11.580Z,lkngtn üêù#1051,DISCORD,2022-03-02T14:06:11.580Z,null
621f79dd95a79aa51435e452,364770323473891329,7aebd7f8cd19da0b297381ae372af2eb,2022-03-02T14:06:11.637Z,willjgriff üêù#6164,DISCORD,2022-04-13T13:28:38.707Z,null
621f79dd95a79aa51435e45e,519634011908341760,null,2022-03-02T14:06:11.590Z,GraceRachmany#9780,DISCORD,2022-03-02T14:06:13.649Z,null
621f79dd95a79aa51435e476,887721306722816082,null,2022-03-02T14:06:11.702Z,roderich_am#9245,DISCORD,2022-03-02T14:06:14.231Z,null
621f79dd95a79aa51435e47e,644279763065634851,9faa5a8e769e16c51ebac9d01fb4fe26,2022-03-02T14:06:11.646Z,Gregory | RND#1990,DISCORD,2022-03-02T14:06:11.646Z,null
621f79dd95a79aa51435e490,507972449132871681,null,2022-03-02T14:06:11.651Z,pacobacpac#5457,DISCORD,2022-03-02T14:06:11.651Z,null
621f79dd95a79aa51435e491,889881041614041158,null,2022-03-02T14:06:11.711Z,egazf#2082,DISCORD,2022-03-02T14:06:11.711Z,null
621f79dd95a79aa51435e49a,818874966396239904,79ef51969ac0f1b4c3d0d8e9eb5dd2a1,2022-03-02T14:06:11.710Z,diganta.eth#0692,DISCORD,2022-03-02T14:06:11.777Z,null
621f79dd95a79aa51435e49c,712376958624727171,5747441ff8e497a93dd99778c580ce12,2022-03-02T14:06:11.587Z,crptmppt#0403,DISCORD,2022-03-02T14:06:11.587Z,null
621f79dd95a79aa51435e49f,570796304351887405,d05fe896bd0da138eb07c5cfaa29b8f0,2022-03-02T14:06:11.692Z,"t√π.√∫k'z#1449",DISCORD,2022-03-02T14:06:13.490Z,null
621f79dd95a79aa51435e4a4,805613890238414898,bf2e0907acd0d43aab2ad9e40b7c61a5,2022-03-02T14:06:11.716Z,G0RD0#9904,DISCORD,2022-03-02T14:06:11.716Z,null
621f79dd95a79aa51435e4b2,558005998418133002,null,2022-03-02T14:06:11.635Z,AWS#9944,DISCORD,2022-03-02T14:06:11.635Z,null
621f79dd95a79aa51435e4b8,585543989382480026,null,2022-03-02T14:06:11.726Z,KenMan#2662,DISCORD,2022-03-02T14:06:11.726Z,null
621f79dd95a79aa51435e4be,711961674885890109,17e3e684dfc83ee3677d2ecf643d89bb,2022-03-02T14:06:11.682Z,Ty Autonomous#3855,DISCORD,2022-03-02T14:06:11.682Z,null
621f79dd95a79aa51435e4c2,708456190111383644,null,2022-03-02T14:06:11.706Z,noturhandle#510,DISCORD,2022-03-02T14:06:11.706Z,null
621f79dd95a79aa51435e5b3,760506672975970354,837ae205b0f49d22286cdf0ba11e8ad8,2022-03-02T14:06:12.071Z,DecentralizeSDGs#7544,DISCORD,2022-04-15T14:56:16.443Z,null
621f79dd95a79aa51435e5be,842759778836283403,261cc7efda8231f445c33ec6d4c2d862,2022-03-02T14:06:12.127Z,Guy James#3266,DISCORD,2022-04-13T13:28:40.248Z,624d840871e68891992078c0
621f79dd95a79aa51435e5da,696863383009624085,ccaa13ba98c172eaa7dd69cc5f293f02,2022-03-02T14:06:12.116Z,Zeugh#0001,DISCORD,2022-04-13T13:28:39.453Z,null
621f79dd95a79aa51435e5ed,678691888823271459,84191184cbd70d468876b2e5dbf06653,2022-03-02T14:06:12.146Z,carlfarterson#5846,DISCORD,2022-03-02T14:06:13.584Z,null
621f79dd95a79aa51435e602,802606095214444624,3d03a3956a88917896a8d1c8ee52523b,2022-03-02T14:06:12.121Z,jugaadbhatia#0949,DISCORD,2022-03-02T14:06:13.732Z,null
621f79dd95a79aa51435e61f,866116759844683856,null,2022-03-02T14:06:12.157Z,Martin09#7487,DISCORD,2022-03-02T14:06:12.224Z,null
621f79dd95a79aa51435e654,309735511461724171,ad9bf59cdcd77b016eccb9b10c21bc1a,2022-03-02T14:06:12.245Z,ApeironCreations#9049,DISCORD,2022-04-13T13:28:39.838Z,null
621f79dd95a79aa51435e65c,870637752734072833,null,2022-03-02T14:06:12.254Z,Xinhui98#916,DISCORD,2022-03-02T14:06:12.254Z,null
621f79dd95a79aa51435e65d,870632614770409503,94a23ba05e11bbc4df6a9152cf9ef7ee,2022-03-02T14:06:12.255Z,yao#6032,DISCORD,2022-03-02T14:06:12.255Z,null
621f79dd95a79aa51435e670,686755249138302977,2b8bcde0beb9b8f04ba522a738db47b7,2022-03-02T14:06:12.263Z,aidanbrodieo#1666,DISCORD,2022-04-13T13:28:39.917Z,null
621f79dd95a79aa51435e675,870352459715997756,edfbe6abf221a284ff06825b5eba258c,2022-03-02T14:06:12.223Z,Leyi#3074,DISCORD,2022-03-02T14:06:12.223Z,null
621f79dd95a79aa51435e677,348404302127038466,200416214ec4f06ca93dfd685b064a7d,2022-03-02T14:06:12.278Z,andrej#6442,DISCORD,2022-04-20T05:57:19.769Z,null
621f79dd95a79aa51435e681,256849652056326144,3e993b035dd9682aa6d36ae807c932c8,2022-03-02T14:06:12.314Z,Josxhua#9528,DISCORD,2022-03-02T14:06:13.141Z,null
621f79dd95a79aa51435e688,776151148414894190,5b17adead935262d400ecaf2452e907d,2022-03-02T14:06:12.267Z,Striker#3288,DISCORD,2022-03-02T14:06:12.236Z,null
621f79dd95a79aa51435e68c,461626815736446984,b7f9ed9ad0a4095a1069b717ff9fc00c,2022-03-02T14:06:12.252Z,StateClayer#5974,DISCORD,2022-03-02T14:06:12.252Z,null
621f79dd95a79aa51435e690,730154947160703006,66a86ac3b2b5f6b7c629fea7ad0a1c63,2022-03-02T14:06:12.251Z,foreverkatie#0788,DISCORD,2022-03-02T14:06:12.251Z,null
621f79dd95a79aa51435e6b7,869837571503587329,null,2022-03-02T14:06:12.251Z,coco_xyz#711,DISCORD,2022-03-02T14:06:12.251Z,null
621f79dd95a79aa51435e6c3,661955224293998593,6aff861d68866e1ab2510f75e0b91715,2022-03-02T14:06:12.313Z,Danada#3389,DISCORD,2022-03-02T14:06:15.256Z,null
621f79dd95a79aa51435e702,492783003676835842,ff4b6fc0e86d1d8a056a03edbe7d3a52,2022-03-02T14:06:12.432Z,HBesso31üêô#4560,DISCORD,2022-04-13T13:28:40.002Z,null
621f79dd95a79aa51435e70d,430244721546231808,06a18b575238939fb9858516a8c34032,2022-03-02T14:06:12.436Z,MsMagey#8357,DISCORD,2022-03-02T14:06:19.249Z,null
621f79dd95a79aa51435e710,785580484298145833,970ade1c956f55e85141463af379a878,2022-03-02T14:06:12.437Z,Mr. Rock#5540,DISCORD,2022-03-02T14:06:12.437Z,null
621f79dd95a79aa51435e71c,773595284894253136,8a698ef8a269f95d184b7cc4d50368bf,2022-03-02T14:06:12.443Z,amrro#4121,DISCORD,2022-03-02T14:06:12.443Z,null
621f79de95a79aa51435e808,560348694071869443,d692df50d31017bc4adc5897518dddc8,2022-03-02T14:06:12.787Z,Babble#2298,DISCORD,2022-03-02T14:06:13.004Z,null
621f79de95a79aa51435e812,124537040204333060,4d406d8ecc9ffdb4eb7ca0f42369f05f,2022-03-02T14:06:12.794Z,Globallager#4834,DISCORD,2022-04-02T04:19:13.975Z,6247ce5771e68891991ae01c
621f79de95a79aa51435e822,606708860123742229,32044497b269ee163e98f850182d560b,2022-03-02T14:06:12.805Z,Cristian.dll#0304,DISCORD,2022-03-02T14:06:15.222Z,null
621f79de95a79aa51435e824,185932915803160577,0926d9d436d8ef3addd80ba8dd72a2d9,2022-03-02T14:06:12.806Z,Yonks#7762,DISCORD,2022-04-13T13:28:40.327Z,null
621f79de95a79aa51435e829,772492113883299860,null,2022-03-02T14:06:12.811Z,HannahJoJo#7708,DISCORD,2022-03-02T14:06:13.038Z,null
621f79de95a79aa51435e834,174236831116820480,23dfc53aa11c936233ff05c2e84349e3,2022-03-02T14:06:12.797Z,siebold_magnolia#7889,DISCORD,2022-03-02T14:06:18.151Z,null
621f79de95a79aa51435e866,429051931197964288,null,2022-03-02T14:06:12.773Z,merkle_üè¥#6848,DISCORD,2022-03-02T14:06:13.008Z,null
621f79de95a79aa51435e874,338001194213703680,null,2022-03-02T14:06:12.788Z,cider#4419,DISCORD,2022-03-02T14:06:12.788Z,null
621f79de95a79aa51435e8e2,731306887273906198,fba37f009257979fe162d987363ef08f,2022-03-02T14:06:13.030Z,DJBritStar#9267,DISCORD,2022-04-13T13:28:37.938Z,null
621f79de95a79aa51435e8e4,780159213049479179,null,2022-03-02T14:06:13.032Z,RA | Ocean#8791,DISCORD,2022-03-02T14:06:13.032Z,null
621f79de95a79aa51435e916,392114912270483456,null,2022-03-02T14:06:13.116Z,PabloFM#2890,DISCORD,2022-03-02T14:06:13.116Z,null
621f79de95a79aa51435e97f,846670227559284736,c3b2b6003a13b9c69131a0dd9e2f2cb1,2022-03-02T14:06:13.231Z,heyitsDB#0852,DISCORD,2022-04-13T13:28:39.203Z,null
621f79de95a79aa51435e9d1,896178886868598804,75b09e8cee956d2cbe57c876f8f15e58,2022-03-02T14:06:13.221Z,petec#6681,DISCORD,2022-03-02T14:06:13.531Z,null
621f79de95a79aa51435ea84,135957433095815169,b22ca8f63186e161df768cfb311e0138,2022-03-02T14:06:13.478Z,24nico#9513,DISCORD,2022-05-27T15:08:59.313Z,null
621f79de95a79aa51435ea86,707354189847855155,92c66b2a34a738c47a906e15206dd116,2022-03-02T14:06:13.515Z,calazki#3961,DISCORD,2022-03-04T16:54:39.474Z,61f1964c102583655ce195bd
621f79de95a79aa51435ea88,540685536864763934,aeccd8b9098d44b1ffc48df02e6739d0,2022-03-02T14:06:13.503Z,DarrenZ#0122,DISCORD,2022-04-13T13:28:39.744Z,null
621f79de95a79aa51435eaac,575099071858081822,5ec1d5cc2da20f26edce4a9c21320734,2022-03-02T14:06:13.488Z,Javi | jgonz.eth#8431,DISCORD,2022-03-02T14:06:14.544Z,null
621f79de95a79aa51435eaed,882889772585091072,null,2022-03-02T14:06:13.616Z,MathildaDV#1501,DISCORD,2022-03-02T14:06:13.616Z,null
621f79de95a79aa51435eaf5,499196313473122313,5c5f398c4e9807f7a29640aedabcb252,2022-03-02T14:06:13.599Z,Ruben Russel#6434,DISCORD,2022-06-09T17:43:06.767Z,null
621f79de95a79aa51435eaf9,619213633255374858,null,2022-03-02T14:06:13.622Z,barlin#4926,DISCORD,2022-03-02T14:06:14.619Z,null
621f79de95a79aa51435eafb,456226577798135808,null,2022-03-02T14:06:13.622Z,danibelle#1111,DISCORD,2022-03-02T14:06:13.622Z,null
621f79de95a79aa51435eafd,333580755806584833,c256cb5efdd49fac05361edd9429272f,2022-03-02T14:06:13.601Z,sponnet#3069,DISCORD,2022-03-02T14:06:13.601Z,null
621f79de95a79aa51435eb00,638864671608406077,b037936b94b0414b6a99a27d0cbeff91,2022-03-02T14:06:13.624Z,Niran | Panvala#9353,DISCORD,2022-03-02T14:06:13.624Z,null
621f79de95a79aa51435eb06,899698059028627489,null,2022-03-02T14:06:13.646Z,ManuAlzuruü•ë | ùòøùô§ùôûùô£ùôÇùô™ùôô | API3 DAO#5047,DISCORD,2022-03-02T14:06:13.646Z,null
621f79de95a79aa51435eb0d,511575159929438224,fa70c006d65e1b8780b79d5fee97b54e,2022-03-02T14:06:13.652Z,The Blockchain Socialist ‚¨õüü•‚¨õ#5005,DISCORD,2022-03-02T14:06:16.533Z,null
621f79de95a79aa51435eb35,615886828582469635,29d7fea90d277c8ddb90b9e745f96022,2022-03-02T14:06:13.735Z,wslyvh#1059,DISCORD,2022-05-19T18:15:33.823Z,6270110771e68891994ca4d4
621f79de95a79aa51435eb38,725916827368292443,92ffd48e85527435bdea38f984ea4f98,2022-03-02T14:06:13.738Z,knic#3318,DISCORD,2022-03-02T14:06:16.205Z,null
621f79de95a79aa51435eb4a,403579916383420418,null,2022-03-02T14:06:13.730Z,bernard#9024,DISCORD,2022-03-02T14:06:13.730Z,null
621f79de95a79aa51435eb9a,703083401724297246,d6af9f0931864dc6180c8298c74beb42,2022-03-02T14:06:13.908Z,MrsYonks#0771,DISCORD,2022-03-02T14:06:14.143Z,null
621f79de95a79aa51435ebcd,159125298384863233,d8ddaa66c1c0d34fe53c2505ad53ac98,2022-03-02T14:06:13.977Z,casale.eth#6107,DISCORD,2022-05-27T13:57:36.979Z,625f016571e6889199358913
621f79de95a79aa51435ec03,828014977612120094,null,2022-03-02T14:06:13.847Z,Hash17#7062,DISCORD,2022-03-02T14:06:13.847Z,null
621f79de95a79aa51435ec11,815458960064643083,null,2022-03-02T14:06:13.835Z,SN#4278,DISCORD,2022-03-02T14:06:13.835Z,null
621f79de95a79aa51435ec27,574666607893151745,null,2022-03-02T14:06:13.877Z,Shaun#4583,DISCORD,2022-03-02T14:06:17.043Z,null
621f79de95a79aa51435ec31,841963177704161281,06540ec7136efe9930a9e0b67040fb76,2022-03-02T14:06:13.860Z,RodriCastillo#1415,DISCORD,2022-05-20T13:44:04.724Z,null
621f79de95a79aa51435ec40,895824721730486342,6d8edd29267d53862c3e50d5600852b6,2022-03-02T14:06:13.872Z,TejP#1290,DISCORD,2022-03-02T14:06:13.872Z,null
621f79de95a79aa51435ec45,836419466963320892,null,2022-03-02T14:06:13.865Z,ssystww#3146,DISCORD,2022-03-02T14:06:13.865Z,null
621f79de95a79aa51435ec9a,902584114878771210,null,2022-03-02T14:06:14.131Z,ricardo.ggz#1868,DISCORD,2022-03-02T14:06:14.131Z,null
621f79de95a79aa51435eca3,516797880275566592,null,2022-03-02T14:06:14.202Z,rodbot2#3621,DISCORD,2022-06-02T17:47:32.677Z,null
621f79de95a79aa51435ecbc,883250909289779201,null,2022-03-02T14:06:14.225Z,D.Alex#4358,DISCORD,2022-03-02T14:06:14.225Z,null
621f79de95a79aa51435ecc0,504762362188922880,null,2022-03-02T14:06:14.229Z,Princeps#4984,DISCORD,2022-03-02T14:06:14.229Z,null
621f79de95a79aa51435ecc3,308430775684956161,bf95718ecc8be0b1f4ba97b705b14720,2022-03-02T14:06:14.232Z,dysbulic üêô#3391,DISCORD,2022-03-02T14:06:14.232Z,null
621f79de95a79aa51435ecc7,714254451174539316,null,2022-03-02T14:06:14.232Z,KyngKai ÁïåÁéã#1003,DISCORD,2022-03-02T14:06:14.232Z,null
621f79de95a79aa51435ed4f,902923840454295623,null,2022-03-02T14:06:14.226Z,Jado#1936,DISCORD,2022-03-02T14:06:14.226Z,null
621f79de95a79aa51435edb5,720506469341986886,3183fc65adaae99f1690bca16e5ba4bb,2022-03-02T14:06:14.535Z,jeromehartigan#6895,DISCORD,2022-03-02T14:06:14.535Z,null
621f79de95a79aa51435edb7,122859036486926336,null,2022-03-02T14:06:14.537Z,0x0#1806,DISCORD,2022-03-02T14:06:14.537Z,null
621f79df95a79aa51435edcb,468381615794421761,null,2022-03-02T14:06:14.484Z,hruday#8884,DISCORD,2022-03-02T14:06:14.484Z,null
621f79df95a79aa51435edf0,696009393992499291,10bb4336ac70018266d402d264f7f1cf,2022-03-02T14:06:14.620Z,magenta#9858,DISCORD,2022-03-02T14:06:14.620Z,null
621f79df95a79aa51435ee41,819933518804942938,66d05e277b3250e3ccbab8d46fe1e276,2022-03-02T14:06:14.538Z,Emma_13#2010,DISCORD,2022-03-02T14:06:14.538Z,null
621f79df95a79aa51435ee43,706262393558138910,null,2022-03-02T14:06:14.647Z,onur#1099,DISCORD,2022-03-02T14:06:14.660Z,null
621f79df95a79aa51435ee4e,750164609972830389,a096e558ebb4eac526e52362c381a53c,2022-03-02T14:06:14.684Z,isaaaa#0875,DISCORD,2022-03-02T14:06:15.108Z,null
621f79df95a79aa51435ee53,718702206529962015,null,2022-03-02T14:06:14.688Z,stkr4lv#6010,DISCORD,2022-03-02T14:06:15.499Z,null
621f79df95a79aa51435ee55,457451544120524813,null,2022-03-02T14:06:14.679Z,Arvind#302,DISCORD,2022-03-02T14:06:15.220Z,null
621f79df95a79aa51435ee58,746649091672637460,dc6a99993b76d5eab01fa3af8fa57326,2022-03-02T14:06:14.693Z,osycross(ü¶éü¶é)#5943,DISCORD,2022-05-04T16:32:36.282Z,61f2aecc102583655ce1f12c
621f79df95a79aa51435ee69,698032065563721788,a332618735fabdbdaa56a23d9ecf128f,2022-03-02T14:06:14.721Z,skamau#2037,DISCORD,2022-03-02T14:06:15.121Z,null
621f79df95a79aa51435ee83,876908960563724288,null,2022-03-02T14:06:14.695Z,satchel#7393,DISCORD,2022-03-02T14:06:18.039Z,null
621f79df95a79aa51435ee85,684147929631424574,d4632e97bb554fb94c6f440c1a62a686,2022-03-02T14:06:14.565Z,antonio_paglino#7187,DISCORD,2022-03-02T14:06:14.565Z,null
621f79df95a79aa51435eeaa,742858860611764345,81bee0c75152443714d87f707c2ea161,2022-03-02T14:06:14.818Z,miguelb#5176,DISCORD,2022-04-13T13:28:40.087Z,null
621f79df95a79aa51435eed7,877363182350520410,25b440885d0209c6a5921f05b06f3aac,2022-03-02T14:06:14.622Z,JellyDiver I Moonjelly DAO#3096,DISCORD,2022-03-02T14:06:14.622Z,null
621f79df95a79aa51435efb6,404660802260566016,f884ac4c6f41c49de11bfd1be10b1668,2022-03-02T14:06:15.124Z,willyfox#1178,DISCORD,2022-04-13T13:28:38.597Z,null
621f79df95a79aa51435efe9,346305486829780993,f9d5e90fcfd5f19b71eee4bd9b1f7cf8,2022-03-02T14:06:14.990Z,Quasar#0436,DISCORD,2022-03-02T14:06:14.990Z,null
621f79df95a79aa51435f043,722925809916182558,5bfb07fdbb7befeebbf9a1e63fbb8a95,2022-03-02T14:06:15.233Z,Pythagorean#5361,DISCORD,2022-05-05T18:23:18.564Z,null
621f79df95a79aa51435f050,519337231895494666,null,2022-03-02T14:06:15.297Z,jjpowell#2729,DISCORD,2022-03-02T14:06:15.297Z,null
621f79df95a79aa51435f052,524694229625208832,604c66826ce6d18b21cd9b83fc05db19,2022-03-02T14:06:15.221Z,octavioesc#6687,DISCORD,2022-03-02T14:06:15.221Z,null
621f79df95a79aa51435f072,610825958286426112,null,2022-03-02T14:06:15.238Z,aydj#2483,DISCORD,2022-03-02T14:06:15.238Z,null
621f79df95a79aa51435f083,415358390957637642,null,2022-03-02T14:06:15.303Z,Keytang#9140,DISCORD,2022-03-02T14:06:15.990Z,null
621f79df95a79aa51435f08e,489914064919855114,32f7861dbcad438b6c93fcfd0dc23388,2022-03-02T14:06:15.253Z,zcstarr#7166,DISCORD,2022-03-02T14:06:15.542Z,null
621f79df95a79aa51435f092,899657768351436801,c0e1e4ba5d68140dac47f4363f9e7d7a,2022-03-02T14:06:15.230Z,missgene#7773,DISCORD,2022-06-07T06:53:38.745Z,624645aa71e688919919c046
621f79df95a79aa51435f094,700029358735360000,6dd1fadcbfc1f37b2fffc046576ce6e4,2022-03-02T14:06:15.248Z,"russlive215 (üßôüèæ, üßôüèæ)Ô∏±40ACRES#8460",DISCORD,2022-06-02T18:02:37.667Z,6298fb3db85a03696d4b3e07
621f79df95a79aa51435f09c,906671300167204874,null,2022-03-02T14:06:15.249Z,Tixter | √Ångel#2801,DISCORD,2022-03-02T14:06:15.633Z,null
621f79df95a79aa51435f0a4,388161291669340162,cfd310d1c89181964887b61d11ffd328,2022-03-02T14:06:15.401Z,theseeker#0745,DISCORD,2022-03-02T14:06:15.398Z,null
621f79df95a79aa51435f0c4,489154203714060300,bfeb654e20eb959163e64a206c517e1d,2022-03-02T14:06:15.406Z,topocount#1337,DISCORD,2022-03-02T14:06:16.319Z,null
621f79df95a79aa51435f132,757341598991384618,1aef6438019272db7279eeff4ede6458,2022-03-02T14:06:15.500Z,Lalocripto.ethüè¥#8138,DISCORD,2022-04-13T13:28:40.256Z,null
621f79df95a79aa51435f135,758102675132252222,ae65654af0246562a8f7c630b5f5e817,2022-03-02T14:06:15.247Z,RoguePenguins#3106,DISCORD,2022-03-02T14:06:15.541Z,null
621f79df95a79aa51435f142,665236020312145930,6f188cef16929352adbabd1398b75abf,2022-03-02T14:06:15.495Z,gabi#4807,DISCORD,2022-04-19T10:53:21.718Z,null
621f79df95a79aa51435f144,719350263777067108,03df8411f2c42a2fd306e74ad7df4fc2,2022-03-02T14:06:15.515Z,johnjonas#2307,DISCORD,2022-06-12T22:00:08.327Z,628e588db9525fb4ac98efd4
621f79df95a79aa51435f14b,688193221473468472,22f6555153dc77c6d6fae8a4baaeb455,2022-03-02T14:06:15.359Z,bitN8#0367,DISCORD,2022-03-02T14:06:15.239Z,null
621f79df95a79aa51435f15b,587150322875629578,0b846d9c47b941496308e4be1068b392,2022-03-02T14:06:15.510Z,alantv#0964,DISCORD,2022-06-15T19:01:46.701Z,6270159571e68891994cad16
621f79df95a79aa51435f191,786373617880399902,null,2022-03-02T14:06:15.536Z,capsaicin#1997,DISCORD,2022-03-02T14:06:15.536Z,null
621f79df95a79aa51435f198,838510330664976405,a5a25bd408caa2dac25ff54e0744d1f8,2022-03-02T14:06:15.225Z,harsh24#4473,DISCORD,2022-03-02T14:06:15.225Z,null
621f79df95a79aa51435f199,88765147048333312,null,2022-03-02T14:06:15.249Z,superfreek#1454,DISCORD,2022-03-02T14:06:15.249Z,null
621f79df95a79aa51435f19c,731709354461364274,a_70f26ac5b3068afc214d5f98ee78c610,2022-03-02T14:06:15.272Z,billyjitsu#3865,DISCORD,2022-03-02T14:06:17.915Z,null
621f79df95a79aa51435f1ef,714546986514382924,2992134eaac82de4c4b0172db80f81c3,2022-03-02T14:06:15.676Z,vasileios#9245,DISCORD,2022-03-02T14:06:15.676Z,null
621f79df95a79aa51435f1f5,694909516285739038,812e19576ed349d2d41d7fc31495617e,2022-03-02T14:06:15.680Z,trentmc0#2875,DISCORD,2022-06-09T18:20:52.485Z,null
621f79df95a79aa51435f20b,296161054856314881,b711b6f74cdf3b6a4a5a2d159e2e5a84,2022-03-02T14:06:15.656Z,Boring877#1378,DISCORD,2022-03-02T14:06:15.656Z,null
621f79df95a79aa51435f212,833819995028979762,null,2022-03-02T14:06:15.636Z,greasypissjugs#9493,DISCORD,2022-03-02T14:06:15.636Z,null
621f79df95a79aa51435f216,726263858863276132,null,2022-03-02T14:06:15.701Z,catarina#7223,DISCORD,2022-04-13T13:28:39.118Z,null
621f79df95a79aa51435f218,334288075356241920,affc7f66a79b7f8308866d4e1a10cf3b,2022-03-02T14:06:15.684Z,tjayrush#9164,DISCORD,2022-03-02T14:06:15.684Z,null
621f79df95a79aa51435f22e,790595506929139723,5b1e189eb6c50e41074e518b1c0bbc80,2022-03-02T14:06:15.738Z,Uzi#0048,DISCORD,2022-03-02T14:06:15.738Z,null
621f79df95a79aa51435f232,727446095575121932,null,2022-03-02T14:06:15.235Z,Scott D#3538,DISCORD,2022-03-02T14:06:15.870Z,null
621f79df95a79aa51435f244,804069922158280796,null,2022-03-02T14:06:15.759Z,geekinada#7923,DISCORD,2022-03-02T14:06:15.759Z,null
621f79df95a79aa51435f265,258786206387666944,901b937016ffe1d6fa465ecbe2208371,2022-03-02T14:06:15.780Z,Thena#2630,DISCORD,2022-03-02T14:06:15.780Z,null
621f79df95a79aa51435f279,693240228529307659,null,2022-03-02T14:06:15.634Z,domhs#6371,DISCORD,2022-03-02T14:06:15.634Z,null
621f79df95a79aa51435f2db,738966156957712415,b0fb9592348de6c4900c3d7f4441d89b,2022-03-02T14:06:15.882Z,Aurelio#6499,DISCORD,2022-06-12T22:14:20.195Z,null
621f79df95a79aa51435f2fa,697298293545500673,null,2022-03-02T14:06:16.013Z,leopoldddd#2883,DISCORD,2022-03-02T14:06:16.013Z,null
621f79df95a79aa51435f32a,786031352122048553,b0a4196fa7cff22ec16a3be94cd43226,2022-03-02T14:06:15.821Z,nisreen#6667,DISCORD,2022-03-02T14:06:15.821Z,null
621f79df95a79aa51435f350,807045025908916224,0fb767ddde50279cb55e21772f09a7d5,2022-03-02T14:06:16.090Z,John V#2787,DISCORD,2022-03-02T14:06:17.103Z,null
621f79df95a79aa51435f387,890934021645815868,null,2022-03-02T14:06:16.188Z,Lola rennt#6271,DISCORD,2022-03-02T14:06:16.188Z,null
621f79df95a79aa51435f38a,895894714379821086,null,2022-03-02T14:06:16.197Z,sessionacc#6734,DISCORD,2022-03-02T14:06:16.197Z,null
621f79df95a79aa51435f396,623562964410302496,a9ebe6242a11d585a3526a089d133d33,2022-03-02T14:06:16.200Z,Kraznik#9408,DISCORD,2022-03-02T14:06:16.200Z,null
621f79e095a79aa51435f3cb,825433753269698560,aba21a7f6111b4cf3b8f044abeb949e0,2022-03-02T14:06:16.265Z,mono#9024,DISCORD,2022-03-02T14:06:16.272Z,null
621f79df95a79aa51435f302,811711284763688960,3a6c1b21728cfb361916dc7bffca08e6,2022-03-02T14:06:15.803Z,MD-LTF#6461,DISCORD,2022-05-19T18:15:48.806Z,null
621f79e095a79aa51435f416,878942826380005427,b50178113b0cfd92d8379fe7ba2370d2,2022-03-02T14:06:16.278Z,0xhana#8936,DISCORD,2022-03-02T14:06:16.278Z,null
621f79e095a79aa51435f41a,717431823038414908,56a78b71a9c6071b594e5da3f1eea8e3,2022-03-02T14:06:16.320Z,paxthemax#4454,DISCORD,2022-03-02T14:06:16.320Z,null
621f79e095a79aa51435f42a,910181189896241242,58a8410e6e262c76ee6c6d4eeb153549,2022-03-02T14:06:16.302Z,Nebs#2035,DISCORD,2022-06-13T21:24:11.973Z,62711c0271e68891994df84d
621f79e095a79aa51435f43d,878178015950020640,null,2022-03-02T14:06:16.320Z,JL#3980,DISCORD,2022-03-02T14:06:18.750Z,null
621f79e095a79aa51435f456,762150095163621406,d204ff480d89aba7f5dbaec7972dc9e2,2022-03-02T14:06:16.281Z,JBZ#9619,DISCORD,2022-04-13T13:28:37.850Z,null
621f79e095a79aa51435f461,224554246551502859,7c6ca93891efd85394780fef8496ee69,2022-03-02T14:06:16.502Z,shaar#2907,DISCORD,2022-03-02T14:06:16.502Z,null
621f79e095a79aa51435f4d1,911058569074454528,null,2022-03-02T14:06:16.505Z,sportingyounglad#7784,DISCORD,2022-03-02T14:06:16.505Z,null
621f79e095a79aa51435f4dc,427547556248158208,53499d49c645fdc8c938d1bbe7c257e6,2022-03-02T14:06:16.486Z,ernnnnnesto#7656,DISCORD,2022-03-02T14:06:16.486Z,null
621f79e095a79aa51435f56b,238490993178050560,1a8c12072cebb7bc7b628e795f3c5ad3,2022-03-02T14:06:16.863Z,MarioRozo#3294,DISCORD,2022-06-12T22:00:06.100Z,null
621f79e095a79aa51435f573,501641034523082752,313b4918557ee370c3472d7fda8f28c1,2022-03-02T14:06:16.823Z,WaKa#6616,DISCORD,2022-03-02T14:06:16.823Z,null
621f79e095a79aa51435f578,811788533903130695,07ca26ea4f74ccf24bf56e39bc6433de,2022-03-02T14:06:16.877Z,trainfarb#5782,DISCORD,2022-03-02T14:06:16.982Z,null
621f79e095a79aa51435f580,402387081915138049,beb97c757bb794d9d54f95dd9a38020d,2022-03-02T14:06:16.900Z,(Mr.V)#3607,DISCORD,2022-03-02T14:06:16.942Z,null
621f79e095a79aa51435f58c,592383914346020864,0c1ad5caf9b294074c7bae243bc66981,2022-03-02T14:06:16.889Z,simondlr#8472,DISCORD,2022-04-13T13:28:38.768Z,null
621f79e095a79aa51435f58f,677009586624135178,8bd628f9878708367f5e037b7ce6e5f6,2022-03-02T14:06:16.902Z,drivenfastü•É#2061,DISCORD,2022-03-02T14:06:16.902Z,null
621f79e095a79aa51435f593,473473091062857745,null,2022-03-02T14:06:16.896Z,knome#7337,DISCORD,2022-03-02T14:06:16.896Z,null
621f79e095a79aa51435f599,705148455772880906,null,2022-03-02T14:06:16.916Z,Scott Morris#746,DISCORD,2022-03-02T14:06:16.916Z,null
621f79e095a79aa51435f5a2,424202961871306752,null,2022-03-02T14:06:16.914Z,PublicPart#4487,DISCORD,2022-03-02T14:06:16.914Z,null
621f79e095a79aa51435f5b0,575426664608301064,null,2022-03-02T14:06:16.927Z,Peter Nobels | Vitallity#4044,DISCORD,2022-03-02T14:06:17.392Z,null
621f79e095a79aa51435f5a1,813832447267045427,null,2022-03-02T14:06:16.913Z,NMA#2382,DISCORD,2022-03-02T14:06:16.913Z,null
621f79e095a79aa51435f5cf,822117621754363956,9bdab1d259288622559fdd956102e843,2022-03-02T14:06:16.961Z,Terexitarius#4750,DISCORD,2022-03-02T14:06:17.131Z,null
621f79e095a79aa51435f5d0,852337045254307850,89f0f02113a0c001db630cae01ef0baa,2022-03-02T14:06:16.939Z,keynes#0614,DISCORD,2022-03-02T14:06:16.939Z,null
621f79e095a79aa51435f5d3,340686435268952064,e8992c56ca034abb53c15345b89af0c3,2022-03-02T14:06:16.989Z,Parrachia#0450,DISCORD,2022-05-27T15:09:00.844Z,61f2dbf9102583655ce1fc4a
621f79e095a79aa51435f600,726133714144460910,be79c093d51147e6c31fdc09cbaa1ddb,2022-03-02T14:06:16.937Z,senryu#5767,DISCORD,2022-03-02T14:06:16.937Z,null
621f79e095a79aa51435f605,728297465605783662,413da8ad425c6d5f0d5bb1f60405d638,2022-03-02T14:06:16.986Z,teodoro.criscione#0572,DISCORD,2022-03-02T14:06:16.977Z,null
621f79e095a79aa51435f607,142706973509419008,c42c5a65204302385fc4d7bd3633a1c7,2022-03-02T14:06:16.959Z,PadInLa#7633,DISCORD,2022-03-02T14:06:17.106Z,null
621f79e095a79aa51435f626,915541612644401173,null,2022-03-02T14:06:16.960Z,Sohan#2187,DISCORD,2022-03-02T14:06:17.128Z,null
621f79e095a79aa51435f627,811313394748751905,8ca83452d8643d8356d3fbfc1299b7e0,2022-03-02T14:06:16.983Z,haxelax#8585,DISCORD,2022-04-13T13:28:38.649Z,null
621f79e095a79aa51435f63b,612321813405499509,2e120995c49ebb8b86069404d9c8197f,2022-03-02T14:06:17.099Z,delightfulabyss.eth#3679,DISCORD,2022-04-13T13:28:37.772Z,null
621f79e095a79aa51435f664,762026144555859978,ca84271f7ebe3db166a0b78c031240df,2022-03-02T14:06:16.923Z,Rohit Malekar#7021,DISCORD,2022-05-06T14:10:33.296Z,null
621f79e095a79aa51435f666,807996856701157376,null,2022-03-02T14:06:17.058Z,vagpap#1149,DISCORD,2022-03-02T14:06:17.058Z,null
621f79e095a79aa51435f69b,382224357138890753,573e94bbd2c19273c435868375fefeab,2022-03-02T14:06:17.244Z,LinhT.Tran#8783,DISCORD,2022-03-02T14:06:17.244Z,null
621f79e095a79aa51435f6ef,756180047693480017,e056ed2250d0ff1f7cbe5be54d42f1c1,2022-03-02T14:06:17.362Z,Clavis#1991,DISCORD,2022-03-02T14:06:17.362Z,null
621f79e095a79aa51435f709,181485329855938560,null,2022-03-02T14:06:17.360Z,muratgozel#1999,DISCORD,2022-03-02T14:06:17.360Z,null
621f79e095a79aa51435f70f,786203715010822165,bba84414ce31a39c15dba1deb17fa742,2022-03-02T14:06:17.359Z,Spaghettios#4649,DISCORD,2022-03-02T14:06:17.359Z,null
621f79e095a79aa51435f767,864938307595141180,null,2022-03-02T14:06:17.380Z,el.chango#4401,DISCORD,2022-03-02T14:06:17.380Z,null
621f79e095a79aa51435f77e,710482924301975552,f285a725b0546c20d5d3af61b801b986,2022-03-02T14:06:17.481Z,Burn0ut#8868,DISCORD,2022-03-02T14:06:17.481Z,null
621f79e095a79aa51435f7bc,703601231360294922,8df0da3548603838006bc762d8c1e405,2022-03-02T14:06:17.637Z,PabloA#7958,DISCORD,2022-04-13T13:28:37.958Z,null
621f79e095a79aa51435f84b,539145098613489676,da55219ed6b11b55f8cc41f733d582c5,2022-03-02T14:06:17.883Z,ClintBeastwood#8406,DISCORD,2022-03-02T14:06:17.903Z,null
621f79e095a79aa51435f855,794389317283217448,null,2022-03-02T14:06:17.888Z,0xSA111#1520,DISCORD,2022-03-02T14:06:17.899Z,null
621f79e095a79aa51435f878,378595508748550145,null,2022-03-02T14:06:17.928Z,Owocki#3458,DISCORD,2022-03-02T14:06:17.987Z,null
621f79e095a79aa51435f8c7,112371107511767040,85b342fc07387ca79861eccfe9688b65,2022-03-02T14:06:18.069Z,T!b!#2584,DISCORD,2022-04-24T13:03:43.535Z,null
621f79e095a79aa51435f8d8,451511956117913621,cdc3e6a19b95325d6c4469bf5f10edfa,2022-03-02T14:06:18.083Z,Zero Black#9272,DISCORD,2022-03-02T14:06:18.083Z,null
621f79e095a79aa51435f901,659505162439753739,84e926ee3a2d1ffa74ba0156ecac0caf,2022-03-02T14:06:18.055Z,aljz#0395,DISCORD,2022-03-02T14:06:18.609Z,null
621f79e095a79aa51435f905,890114900578422824,62bd2610442cbdda6df8e4de2835f8a4,2022-03-02T14:06:18.099Z,misliao#8729,DISCORD,2022-03-02T14:06:18.099Z,null
621f79e095a79aa51435f917,640772328380170271,06dd1f29aa7231e629968573d2df366c,2022-03-02T14:06:18.186Z,Usua‚óé Silver#2618,DISCORD,2022-04-13T13:28:38.310Z,61f340e1102583655ce21245
621f79e095a79aa51435f93d,451859116961300501,037ab36981a914544d7d14789523c123,2022-03-02T14:06:18.224Z,Ellie R.#9505,DISCORD,2022-03-02T14:06:18.224Z,null
621f79e095a79aa51435f966,861570456121114625,eb8b732e3a78b543608b3e37633c7ef2,2022-03-02T14:06:18.153Z,PaulMullins#6534,DISCORD,2022-03-02T14:06:18.153Z,null
621f79e095a79aa51435f98c,842640544101433354,dafcc01362d2905006e021db4bc0932f,2022-03-02T14:06:18.190Z,lee0007#8152,DISCORD,2022-04-14T13:34:00.497Z,61f0827f102583655ce159fd
621f79e195a79aa51435f9fa,907626311604908084,null,2022-03-02T14:06:18.534Z,raindrop#1443,DISCORD,2022-03-02T14:06:18.534Z,null
621f79e195a79aa51435fa06,310162692986109952,null,2022-03-02T14:06:18.522Z,brodhisattva#3152,DISCORD,2022-03-02T14:06:18.522Z,null
621f79e195a79aa51435fa18,768500015043051550,5c35da66a82cb21ff70d511a2fe2d514,2022-03-02T14:06:18.573Z,stef#9877,DISCORD,2022-06-11T15:18:47.125Z,629a392db85a03696d4bf9d1
621f79e195a79aa51435fa1f,570900249833635840,b57ebcb551e786b8e9cfab0e567426c8,2022-03-02T14:06:18.579Z,PhilKK#0692,DISCORD,2022-03-02T14:06:18.634Z,null
621f79e195a79aa51435fac2,618897639836090398,974691a2ce85eb1d10e2cb6f97cbb22d,2022-03-02T14:06:18.716Z,Leen#8610,DISCORD,2022-06-12T03:09:42.533Z,6256977471e68891992a4607
621f79e195a79aa51435faeb,783706133822570529,35d13a3b59ac3d726cf0f4aedb867fb2,2022-03-02T14:06:18.786Z,UniPuff üúêüêô#9571,DISCORD,2022-06-13T17:04:13.354Z,null
621f79e195a79aa51435faff,749401792298745856,f58a34d0fd63a4d1a349c3c565646e3a,2022-03-02T14:06:18.746Z,ReForest#1211,DISCORD,2022-04-13T13:28:40.597Z,null
621f79e195a79aa51435fb00,212943226317963267,eb31dacaf8e5a132477df6540832ebea,2022-03-02T14:06:18.753Z,ro#5555,DISCORD,2022-03-02T14:06:18.753Z,null
621f79e195a79aa51435fb63,676720556606881803,51791baa2511f2823b64d7f7b340b9a6,2022-03-02T14:06:18.930Z,lanski#3094,DISCORD,2022-03-02T14:06:18.930Z,null
621f79e195a79aa51435fc31,500193653478785024,5ea4ec714291b06d0909264f08317cc2,2022-03-02T14:06:19.250Z,Lonis.eth#8172,DISCORD,2022-04-13T13:28:37.522Z,null
62208e8a95a79aa514367d9e,833469568865140757,4c74e1e7549d7d0b130e1847f2e0d415,2022-03-03T09:46:50.649Z,teaci#6108,DISCORD,2022-04-13T13:28:39.970Z,61f0da6c102583655ce16ce9
6220d93f95a79aa51436be5e,452115639381786624,9e4c7c77d3de4bedf650021dabb5cced,2022-03-03T15:05:35.415Z,enti#1546,DISCORD,2022-06-15T23:36:58.463Z,6220d9c695a79aa51436bece
6224ffc66cf31bb86ae975c4,923588346696052737,null,2022-03-06T18:39:01.999Z,Sha#6179,DISCORD,2022-05-19T20:03:58.063Z,6225002d6cf31bb86ae975f3
623365456cf31bb86af2d4e3,144927134492786688,null,2022-03-17T16:43:49.360Z,Maxwe11#7157,DISCORD,2022-05-06T14:10:33.577Z,6233656f6cf31bb86af2d4f6
6234a7f76cf31bb86af3ff5a,323858083996499969,a007514ed93a6cac73b4b767c74778aa,2022-03-18T15:40:39.737Z,Mike Brunt#0745,DISCORD,2022-06-12T22:05:05.232Z,6234a8376cf31bb86af3ff81
6234fed66cf31bb86af46e0d,769621045489172480,5d0540617e5e5c0d66ec5ba30dd6b612,2022-03-18T21:51:18.502Z,EFRA#7972,DISCORD,2022-06-15T23:15:10.889Z,6251d72971e68891992574e3
623ccc0771e68891990eb3c6,836058804759691265,952ab2b376f5746260db4d3793812e99,2022-03-24T19:52:39.853Z,bear100#9085,DISCORD,2022-06-14T22:00:44.225Z,623ccbab71e68891990eb396
6243301171e688919914d062,691020255580913796,ba3ba435bdff5beb55208d274e89d2a7,2022-03-29T16:13:05.481Z,zhiwei#1356,DISCORD,2022-06-12T03:41:27.260Z,623231356cf31bb86af1cdc3
624572b371e6889199179274,884439603401089054,f7caa4c2273457926768c7d30f3896d7,2022-03-31T09:21:55.252Z,mattyjee#8621,DISCORD,2022-06-13T21:25:33.478Z,62460d1f71e6889199199ada
6245f8cb71e6889199198461,857637782725984268,968fcaf832437493a8951300a09fe4bc,2022-03-31T18:54:03.268Z,test-target#0339,DISCORD,2022-03-31T18:57:50.939Z,6245f8f971e688919919847a
6245f91871e688919919848f,750921605512691863,null,2022-03-31T18:55:20.578Z,Shardul#8924,DISCORD,2022-04-13T13:28:40.594Z,6246423871e688919919be26
6247142471e68891991a4928,898943373812039721,3c93386357b7e26e619ed291dd7fa7cd,2022-04-01T15:03:00.788Z,teresacd#7426,DISCORD,2022-06-10T14:15:13.130Z,624b6d9171e68891991dff34
6247142571e68891991a4933,908799381229154314,041a1948b918ecd3ae58b5411222fbba,2022-04-01T15:03:01.676Z,boonjue.eth#7124,DISCORD,2022-06-13T21:25:00.020Z,62492c6871e68891991bf398
62477ba371e68891991aaa82,257589303352229891,d31bb9963309fad69e8a17428fa8e74b,2022-04-01T22:24:35.872Z,ahmad#7204,DISCORD,2022-04-13T13:28:39.138Z,62477bbc71e68891991aaa94
62477c9471e68891991aab1c,811751598254587914,a673aeca90cf62c8629dc4a128a18039,2022-04-01T22:28:36.445Z,gnosis.elbuho#4263,DISCORD,2022-04-01T22:29:48.505Z,62477cdc71e68891991aab4b
62477ddf71e68891991aabed,344928363753897986,null,2022-04-01T22:34:07.921Z,dghelm#8125,DISCORD,2022-04-13T13:28:40.609Z,62477e1671e68891991aac10
6247805b71e68891991aad7d,740668571755086006,null,2022-04-01T22:44:43.344Z,noah_saav#338,DISCORD,2022-04-13T13:28:40.257Z,null
624789be71e68891991ab344,781249504396836915,null,2022-04-01T23:24:46.574Z,evanjacobs#6864,DISCORD,2022-04-13T13:28:40.749Z,6249e9a571e68891991c8c92
6248098571e68891991b0b62,434383025581850625,42f7e6ccc4d7466d1d443775bff71f24,2022-04-02T08:29:57.654Z,jh#4856,DISCORD,2022-04-28T12:00:42.773Z,62480a8a71e68891991b0c05
6249475571e68891991c040d,721535403479269538,4b2d90b8370e0e937ad0ebf2a8760175,2022-04-03T07:05:57.216Z,Jeremy&TheGospelOfChange#8201,DISCORD,2022-06-12T22:03:01.635Z,6249487071e68891991c04be
624bfe1571e68891991e8a23,630667848355807233,3d10fd3e5486b87210e3883bd24d3e26,2022-04-05T08:30:13.462Z,Jeanne#8780,DISCORD,2022-06-15T16:12:09.637Z,624bff3771e68891991e8ad7
624c5f8871e68891991f0c76,231778204950462464,90cf52144e549873da3fc78f82373f58,2022-04-05T15:26:00.454Z,SatoriD#2945,DISCORD,2022-06-15T16:12:09.737Z,624c880671e68891991f3c4a
624c60b071e68891991f0e3e,887711880729219133,77a6531a825a3acec403cb77f67e8dbd,2022-04-05T15:30:56.073Z,joxx | xc labs | symbiotik#8416,DISCORD,2022-04-13T13:28:40.560Z,null
624da6aa71e6889199209788,600781995811012620,null,2022-04-06T14:41:46.712Z,Eclipsingbinary#7338,DISCORD,2022-04-13T13:28:40.289Z,null
624da6ab71e6889199209790,735090955560157185,null,2022-04-06T14:41:47.540Z,Jolly LaMa#5962,DISCORD,2022-05-19T20:03:58.170Z,null
624da6ac71e6889199209795,767698114806546443,f2e2fd232a5aa78695053f0033ef0f4a,2022-04-06T14:41:48.857Z,streamerd#5565,DISCORD,2022-06-13T20:33:26.719Z,62a3e82db85a03696d518a6b
624dbd6171e688919920c380,457302093435371542,null,2022-04-06T16:18:41.659Z,mmurthy | showkarma.xyz#4254,DISCORD,2022-04-13T13:28:40.511Z,null
624f32b871e6889199231084,951130899498541108,d266ca4c7dd290ec817943de22c38e4b,2022-04-07T18:51:36.071Z,jasontphelpsNH#9486,DISCORD,2022-06-12T22:07:57.213Z,624f32ed71e68891992310ad
6250df9671e688919924ad13,213626555795111937,null,2022-04-09T01:21:26.514Z,jme#7204,DISCORD,2022-05-09T04:26:35.639Z,627897fbd6f46f43ffe935c0
6250e0b971e688919924ae2a,186187669074739201,b8c3d53d742f68588208f6a639f6bae3,2022-04-09T01:26:17.275Z,Thardust#6421,DISCORD,2022-04-13T13:28:39.278Z,null
6255ab8171e68891992928c4,864406808436277248,null,2022-04-12T16:40:33.830Z,rx#5834,DISCORD,2022-04-13T13:28:40.522Z,null
6255b55d71e68891992934d0,898610103979212880,4bf85a88b13c1b657f1f56f185faf0af,2022-04-12T17:22:37.196Z,BrianD#5909,DISCORD,2022-04-12T17:22:37.196Z,null
6256d00571e68891992aa21d,644525290827284490,bc54b9b14a33ad1cb7bd4df11d1b240b,2022-04-13T13:28:35.072Z,JosephS#6043,DISCORD,2022-04-13T13:28:39.120Z,null
6256d00571e68891992aa25e,862387697619173376,bcc3001d7448d9739b029c98c74ede21,2022-04-13T13:28:35.072Z,Ratio13#0578,DISCORD,2022-04-23T16:08:28.373Z,6264247c71e68891993cc6f6
6256d00671e68891992aa46b,882357890185318411,d710b875528959f295e77c3a2e754c49,2022-04-13T13:28:35.083Z,bustavo#8085,DISCORD,2022-06-12T22:03:02.109Z,null
6256d00671e68891992aa4c5,651158833502093318,6db04d0e6b4f1866b956d1672dbf6962,2022-04-13T13:28:35.084Z,¬∞‚´∞#2495,DISCORD,2022-04-13T13:28:39.258Z,null
6256d00671e68891992aa4c8,922194145324441631,null,2022-04-13T13:28:35.084Z,kishore#6162,DISCORD,2022-04-13T13:28:39.048Z,null
6256d00771e68891992aaa3d,898291568321105953,b4f7f082ea0f577897188cd1e24c6abf,2022-04-13T13:28:35.125Z,Gaian#8075,DISCORD,2022-05-27T00:13:27.989Z,627326f0d6f46f43ffe48d3b
6256d00871e68891992aacf0,963448366405156944,null,2022-04-13T13:28:35.138Z,boonjue.eth#7124,DISCORD,2022-05-06T14:10:33.296Z,null
6256d00871e68891992aadcf,927015135141306408,null,2022-04-13T13:28:35.139Z,samb#4938,DISCORD,2022-04-13T13:28:35.139Z,null
6256d00871e68891992aadd1,367262263096377344,null,2022-04-13T13:28:36.312Z,Techno#8514,DISCORD,2022-04-13T13:28:36.369Z,null
6256d00871e68891992aadd2,273619874285355009,e31f55cff95ad3dfa2a257a0387f899c,2022-04-13T13:28:36.295Z,mrtdlgc üêù#4912,DISCORD,2022-04-13T13:28:38.687Z,null
6256d00871e68891992aadf8,821056874291265566,81669a6b5598084b9d71d2a9d8bbed02,2022-04-13T13:28:36.369Z,MoeNick#1374,DISCORD,2022-04-13T13:28:40.799Z,null
6256d00871e68891992aae2b,778574570202333224,10ec9cfed5937337150e72bb25fb5993,2022-04-13T13:28:36.363Z,A3#3343,DISCORD,2022-04-13T13:28:36.363Z,null
6256d00871e68891992aae30,620632911498182675,ec015310c3d1e7ecc43f1161ef1b5a77,2022-04-13T13:28:36.444Z,SweptbackCat#9656,DISCORD,2022-04-13T13:28:36.444Z,null
6256d00871e68891992aae31,897131023995916319,0c261f961683bb4c6b99283f64563aed,2022-04-13T13:28:36.466Z,Monoma23#5497,DISCORD,2022-04-13T13:28:36.466Z,null
6256d00871e68891992aae8e,818692426330800139,cfd282dee7cbeec423102b1451728fd5,2022-04-13T13:28:36.558Z,Annn3#3538,DISCORD,2022-05-05T18:06:19.143Z,null
6256d00871e68891992aae8f,837870204406726728,dce6b5090c6bd15c3ec86a9a313a2c8d,2022-04-13T13:28:36.553Z,ciciry#4592,DISCORD,2022-04-13T13:28:36.814Z,null
6256d00871e68891992aae90,517072220896362510,0ddd5e3d99e178e6821bc15086fe377b,2022-04-13T13:28:36.628Z,Disruption Joe | Gitcoin#6464,DISCORD,2022-04-13T13:28:36.628Z,null
6256d00871e68891992aaee8,890919682041856040,58db3af5eb5ae9b0f1ac1aa94032a919,2022-04-13T13:28:36.810Z,0xSherry#1306,DISCORD,2022-04-13T13:28:36.810Z,null
6256d00871e68891992aaef7,592138907873968178,dd503d67d3aff31b3a99e3bbadbcc066,2022-04-13T13:28:36.837Z,Lord TŒûngŒûki#0804,DISCORD,2022-04-13T13:28:36.837Z,null
6256d00971e68891992aaf07,289575160519065602,null,2022-04-13T13:28:36.928Z,DerpTwerks#3420,DISCORD,2022-04-13T13:28:36.938Z,null
6256d00971e68891992aaf25,598428796282208276,31bd2a313033abec0f1f393d7875146f,2022-04-13T13:28:36.937Z,QUANTUM369#7131,DISCORD,2022-04-21T16:38:44.586Z,null
6256d00971e68891992aaf41,691704695718150194,a6d6300d3ef50032fc5f7bb1cd3bad4a,2022-04-13T13:28:36.894Z,Doggfather#9126,DISCORD,2022-04-13T13:28:36.969Z,null
6256d00971e68891992ab0d7,285159600683089920,916a2b7a1a84f9f7da581b7ce5275982,2022-04-13T13:28:37.449Z,Dar√©#2446,DISCORD,2022-04-13T13:28:37.775Z,null
6256d00971e68891992ab1e2,733031986167545967,8729482c6c82e91f5ca9c927d2b8d813,2022-04-13T13:28:37.834Z,armog#3687,DISCORD,2022-04-13T13:28:38.349Z,null
6256d00971e68891992ab23c,758710235212414976,bf8d22f6b05f5db22aced88cb16d5cc4,2022-04-13T13:28:37.945Z,Yu#5549,DISCORD,2022-04-13T13:28:37.945Z,null
6256d00971e68891992ab23e,928414362417389608,81dec51ddcfcb548358b4fc108da5e99,2022-04-13T13:28:37.943Z,gerlindgrosse#5619,DISCORD,2022-04-13T13:28:37.943Z,null
6256d00971e68891992ab24a,692796375850549308,a43b8efd8d4547ebf03d9089f91edfd6,2022-04-13T13:28:38.024Z,tokenosopher#7900,DISCORD,2022-04-13T13:28:38.137Z,null
6256d00971e68891992ab250,152507629397213185,9e7432ee215ef74c36491e6461a4fef2,2022-04-13T13:28:38.027Z,theoverarch#2871,DISCORD,2022-04-13T13:28:39.588Z,null
6256d00971e68891992ab25c,734274100041744485,72a06af51343aa12c4cb87611217bb3f,2022-04-13T13:28:38.020Z,JonathanWein#4685,DISCORD,2022-04-13T13:28:38.135Z,null
6256d00971e68891992ab26d,880971639163076608,42a95c8648771b4a0b8791c04f77286f,2022-04-13T13:28:38.017Z,BorrowLucid (Christina)#3036,DISCORD,2022-05-04T20:34:40.790Z,null
6256d00971e68891992ab27f,808165117887119370,ef416958912365b6105e65d8d3f82821,2022-04-13T13:28:38.025Z,NomadChad#8883,DISCORD,2022-04-13T13:28:38.138Z,null
6256d00971e68891992ab2bd,907990807573844058,2ed93d8e6bb2361992b2414bb73e5030,2022-04-13T13:28:38.144Z,Dani Dos#6791,DISCORD,2022-04-13T13:28:38.144Z,null
6256d00971e68891992ab339,716047297636597782,7858970c7fcfb2bd09927711f001b5ce,2022-04-13T13:28:38.300Z,Liam ¬¨ LTF#1024,DISCORD,2022-04-13T13:28:39.179Z,null
6256d00971e68891992ab36d,399892650666229770,6286af0db0fba5c810d4104e78975197,2022-04-13T13:28:38.411Z,ManuAlzuruü•ë | ùòøùô§ùôûùô£ùôÇùô™ùôô#5047,DISCORD,2022-04-13T13:28:38.411Z,null
6256d00971e68891992ab428,422776630256074783,63b9ea95120032f3dbb20224194dde0f,2022-04-13T13:28:38.576Z,Felipe Novaes Rocha#2364,DISCORD,2022-04-13T13:28:38.576Z,null
6256d00971e68891992ab43d,736021715964133426,29648a32699f63d3904db8e91d32b0c5,2022-04-13T13:28:38.579Z,cleanapp#0739,DISCORD,2022-04-13T13:28:38.579Z,null
6256d00971e68891992ab44d,705892291356655628,6062736f66590cf61b3c5281f1c68715,2022-04-13T13:28:38.593Z,_ajascha#6718,DISCORD,2022-04-13T13:28:38.593Z,null
6256d00971e68891992ab44f,656685407467077637,a1261f16e5459bb1f9974c63acccea18,2022-04-13T13:28:38.577Z,theorenck#6561,DISCORD,2022-04-13T13:28:39.127Z,null
6256d00971e68891992ab471,934204947006885961,null,2022-04-13T13:28:38.598Z,Elizardwizzard#3571,DISCORD,2022-04-13T13:28:38.598Z,null
6256d00971e68891992ab4a9,930225056477503559,null,2022-04-13T13:28:38.652Z,Sara Camargos#0205,DISCORD,2022-04-13T13:28:39.135Z,null
6256d00971e68891992ab4d0,689521250842050561,e9b5b09a6654620564de4eb72c1743a3,2022-04-13T13:28:38.708Z,David Miller#4521,DISCORD,2022-04-13T13:28:39.112Z,null
6256d00971e68891992ab550,737923418741145601,null,2022-04-13T13:28:38.889Z,shermin#6154,DISCORD,2022-04-13T13:28:38.889Z,null
6256d00971e68891992ab59f,760616661983166536,57fa82fe8b83af9a01c56339bf8c945f,2022-04-13T13:28:38.921Z,Nate0909#4419,DISCORD,2022-05-11T13:34:32.026Z,null
6256d00971e68891992ab5cc,885633822509629471,0a766a284373a12fc3d3f5a0222c1fec,2022-04-13T13:28:38.977Z,ManuelMaccouüè¥ | BanklessDAO#6974,DISCORD,2022-04-13T13:28:38.977Z,null
6256d00971e68891992ab5e8,824328551720681472,null,2022-04-13T13:28:39.038Z,daniela afanador#9245,DISCORD,2022-05-27T15:09:09.209Z,null
6256d00971e68891992ab620,724496668682092636,1bf810900c304a603ae6b3769487413a,2022-04-13T13:28:38.909Z,dough-naut#9755,DISCORD,2022-04-13T13:28:39.466Z,null
6256d00a71e68891992ab645,238492532462452737,null,2022-04-13T13:28:39.122Z,Luis  Casseres#0075,DISCORD,2022-04-13T13:28:39.122Z,null
6256d00a71e68891992ab64d,935944076245758023,null,2022-04-13T13:28:39.123Z,Luis Casseres#9678,DISCORD,2022-04-13T13:28:39.123Z,null
6256d00a71e68891992ab64f,554786778289274880,null,2022-04-13T13:28:39.053Z,itsyaboi#2591,DISCORD,2022-04-13T13:28:39.053Z,null
6256d00a71e68891992ab654,756494830397292564,null,2022-04-13T13:28:39.126Z,enrique.mdc#357,DISCORD,2022-04-13T13:28:39.126Z,null
6256d00a71e68891992ab65f,346599926769254402,5f3e305156086f3320db873723c62957,2022-04-13T13:28:39.127Z,guccikudo#8527,DISCORD,2022-04-13T13:28:40.514Z,null
6256d00a71e68891992ab6db,810362798169129011,null,2022-04-13T13:28:39.277Z,LBrian#6883,DISCORD,2022-04-13T13:28:39.277Z,null
6256d00a71e68891992ab6dc,376458299773812746,null,2022-04-13T13:28:39.277Z,kylejensen.eth#420,DISCORD,2022-04-13T13:28:39.277Z,null
6256d00a71e68891992ab6e0,742336057009504286,null,2022-04-13T13:28:39.281Z,usamaahmed#9991,DISCORD,2022-04-13T13:28:39.914Z,null
6256d00a71e68891992ab6e8,813280635132575764,null,2022-04-13T13:28:39.278Z,MargaritaDave#8576,DISCORD,2022-04-13T13:28:40.235Z,null
6256d00a71e68891992ab71b,352224331474010112,null,2022-04-13T13:28:39.280Z,Naberius#4935,DISCORD,2022-04-13T13:28:39.280Z,null
6256d00a71e68891992ab729,898318162305613875,ff50eb6f5e8d37ba61ed001247141a06,2022-04-13T13:28:39.276Z,"KingArthur (3,3)|UTC#7858",DISCORD,2022-04-13T13:28:39.276Z,null
6256d00a71e68891992ab736,677039179405721630,null,2022-04-13T13:28:39.280Z,monicazng#7334,DISCORD,2022-04-13T13:28:39.280Z,null
6256d00a71e68891992ab762,400707067624554507,5b0bea97639d0bbbf6d022da1371f3e1,2022-04-13T13:28:39.275Z,DavidRM#8303,DISCORD,2022-04-13T13:28:39.275Z,null
6256d00a71e68891992ab77c,873449111322505276,11acc16e7ad2ad5dcfe665f2adf5c904,2022-04-13T13:28:39.274Z,Ale borda#2295,DISCORD,2022-04-30T09:46:50.731Z,null
6256d00a71e68891992ab77d,366145087341723648,ea213c2821df3a5e590f078cfb7f57db,2022-04-13T13:28:39.274Z,Buzzman (IST)#4078,DISCORD,2022-04-13T13:28:39.274Z,null
6256d00a71e68891992ab861,691197011906658304,5a5a3cd7ab750b2d1cd2662704a73199,2022-04-13T13:28:39.635Z,fysp#5040,DISCORD,2022-04-13T13:28:39.635Z,null
6256d00a71e68891992ab882,865691039468617748,2ba981c149b86d5b0a2b9a98e267bb2f,2022-04-13T13:28:39.675Z,Aemikorobinson#5961,DISCORD,2022-05-19T17:58:53.372Z,627d89ccb9525fb4ac8ecf1f
6256d00a71e68891992ab8a5,690837051377188915,null,2022-04-13T13:28:39.691Z,AcidCavin#8307,DISCORD,2022-04-13T13:28:39.691Z,null
6256d00a71e68891992ab919,925478714798641244,null,2022-04-13T13:28:39.820Z,gcgd_2534#8784,DISCORD,2022-04-13T13:28:39.924Z,null
6256d00a71e68891992ab994,257479465091858432,null,2022-04-13T13:28:39.820Z,jimscarver#5578,DISCORD,2022-04-13T13:28:39.934Z,null
6256d00a71e68891992ab9bd,427964041764274177,320e0e9455e6505da887b78f4c54155e,2022-04-13T13:28:39.986Z,s_ben#7872,DISCORD,2022-06-13T03:39:58.112Z,null
6256d00a71e68891992abb01,804310250445996032,null,2022-04-13T13:28:40.123Z,Drew Swissroll#2278,DISCORD,2022-04-13T13:28:40.123Z,null
6256d00a71e68891992abb07,935998232427921429,null,2022-04-13T13:28:40.251Z,ClaraZi#5313,DISCORD,2022-04-13T13:28:40.251Z,null
6256d00a71e68891992abc11,730460771376562327,f2dc04b5260294fcca87b1ed9486680b,2022-04-13T13:28:40.546Z,Silverfonic#4121,DISCORD,2022-04-13T13:28:40.546Z,null
6256d00a71e68891992abc37,917879013228302398,null,2022-04-13T13:28:40.586Z,Sandra_Bubbles#7307,DISCORD,2022-04-13T13:28:40.718Z,null
6256d00a71e68891992abc4c,415013408006733828,814ddaecdbbd1c5692d6ad816c6a447a,2022-04-13T13:28:40.609Z,meerkategral#7740,DISCORD,2022-05-06T14:10:33.552Z,null
6256d00a71e68891992abc5b,495173629189947392,null,2022-04-13T13:28:40.626Z,Joao#5751,DISCORD,2022-04-13T13:28:40.626Z,null
6256d00a71e68891992abc61,956169738495610880,null,2022-04-13T13:28:40.628Z,Baris#3853,DISCORD,2022-04-13T13:28:40.628Z,null
6256d00a71e68891992abc64,374977737334456320,279762f280b32d5e84b18d9cd2305120,2022-04-13T13:28:40.604Z,ombudsman#3822,DISCORD,2022-06-09T18:02:45.956Z,null
6256d00a71e68891992abc6b,450515273079062539,null,2022-04-13T13:28:40.633Z,alpine.lines#3050,DISCORD,2022-05-06T14:10:33.431Z,null
6256d00a71e68891992abc84,473674801563697153,null,2022-04-13T13:28:40.632Z,waifu_jpeg#690,DISCORD,2022-04-13T13:28:40.632Z,null
6256d00a71e68891992abc85,216946363584348162,c2fc71c50fae5976fd3ffdd9cbdf0f2a,2022-04-13T13:28:40.507Z,Costa#7828,DISCORD,2022-06-13T16:58:55.640Z,626b84f871e688919946d90a
6256d00a71e68891992abc8f,714929146253410378,a3da685207887c55208ce87ae3b920b4,2022-04-13T13:28:40.556Z,KinuHero#4397,DISCORD,2022-04-13T13:28:40.556Z,null
6256d00a71e68891992abca4,788141806289158175,cb8d6b553258d162c47f72e39a95fde2,2022-04-13T13:28:40.647Z,P√¥pLine#9450,DISCORD,2022-04-13T13:28:40.647Z,null
6256d00a71e68891992abcde,255832236555894794,null,2022-04-13T13:28:40.640Z,no_planet_b | PST#6481,DISCORD,2022-04-13T13:28:40.640Z,null
6256d00a71e68891992abd24,833074850804793415,3c72438f7397137a7416585641111ba8,2022-04-13T13:28:40.743Z,RayKanani#0819,DISCORD,2022-04-13T13:28:40.743Z,null
6258678d71e68891992dd1ff,943562290807062599,fadeb25ea16359c00daed4327a35b098,2022-04-14T18:27:25.689Z,STorrence#4931,DISCORD,2022-04-14T18:29:26.416Z,625867e171e68891992dd25e
625e940471e688919934f719,147631131724873728,c961789c862abb29fccf3ace785c8759,2022-04-19T10:50:44.489Z,zero_2hero#1086,DISCORD,2022-05-27T12:55:34.406Z,6290ca46b9525fb4ac9ab64e
625f0d2271e68891993594f1,392867630891139093,a_ee5be3293a914335edb0f850808d8456,2022-04-19T19:27:30.342Z,tonga#3112,DISCORD,2022-05-04T20:47:44.248Z,625f0d4871e6889199359522
6261b92671e68891993a14ea,550075934276059145,null,2022-04-21T20:05:58.597Z,sdm707#9983,DISCORD,2022-05-03T19:18:13.182Z,6261b97471e68891993a153b
6261de8b71e68891993a3ada,958874284187607051,5dcddf158869a0a9bb045f7fcef8f082,2022-04-21T22:45:31.584Z,Dayagui#6923,DISCORD,2022-04-21T22:45:31.584Z,null
626ad30071e688919945fe8a,349573251959095296,b05bd150c135317082d9e9c0776842cc,2022-04-28T17:46:40.347Z,Crypto Zach#6753,DISCORD,2022-06-14T22:00:41.337Z,626ad81371e68891994604ba
626adce171e6889199460ac1,748353792009044088,null,2022-04-28T18:28:49.215Z,Leo Mapu#9273,DISCORD,2022-05-13T15:32:38.183Z,null
626bff2771e6889199476f94,826742577621237791,null,2022-04-29T15:07:19.835Z,Puretayo#3512,DISCORD,2022-04-29T15:07:19.835Z,null
626c344771e688919947b036,769583125579169812,13585b63080bae5909e62c5713837c77,2022-04-29T18:53:59.219Z,DenverCitizen9#9674,DISCORD,2022-05-03T19:18:15.916Z,null
626d058271e688919948ad80,607792363292852226,1c17cd5d538d67d889f4c17d7330f0b1,2022-04-30T09:46:42.510Z,ALKOHLMIST#0550,DISCORD,2022-06-13T03:40:00.325Z,null
626d058871e688919948ada7,840999107656417282,c0f5e0d0784e1f8a9ec2ab27350c4f76,2022-04-30T09:46:48.640Z,tmoindustries#0001,DISCORD,2022-04-30T09:46:48.640Z,null
626d59bd71e68891994913da,852055454745100289,1eed38d65897937c1012144542edf42f,2022-04-30T15:46:05.176Z,Pradumnasaraf#7988,DISCORD,2022-04-30T15:46:05.176Z,null
627010c971e68891994ca483,883403219777257502,bbcc1c67c2ddd2cee4d335e43be250ba,2022-05-02T17:11:37.346Z,BruceDesk#6312,DISCORD,2022-05-02T17:11:37.346Z,null
62702b3371e68891994cc7cc,776254157086130246,efa89e60e846cba7a936f6c1155792dc,2022-05-02T19:04:19.826Z,Paul in Albuquerque#4390,DISCORD,2022-05-02T19:04:19.826Z,null
6270358c71e68891994cd462,307230622261182485,cacea7f7b71580ad44226476649d89c3,2022-05-02T19:48:28.466Z,MartinB#6719,DISCORD,2022-05-02T19:48:28.466Z,null
62703bdb71e68891994cdc29,956959106751668236,92d7ddfdc599530a6d3a5336326dc8db,2022-05-02T20:15:23.277Z,withinthevacuum#2626,DISCORD,2022-06-15T19:56:37.229Z,null
62719c7fd6f46f43ffe0ce83,462759532062310411,null,2022-05-03T21:19:59.476Z,Anak#9256,DISCORD,2022-05-26T18:54:04.680Z,62880bdbb9525fb4ac953db2
62719c82d6f46f43ffe0ce96,807036672302383115,bfe35d0bf8745e6a941d7e6d7602a704,2022-05-03T21:20:02.528Z,r-x-x#8344,DISCORD,2022-06-14T22:00:43.203Z,62731aedd6f46f43ffe43c3d
6272d311d6f46f43ffe36f27,484679287421665303,3eb9df495392b3f095ee2a744aad5886,2022-05-04T19:25:05.009Z,v1 v13n#0512,DISCORD,2022-05-04T19:25:05.009Z,null
62740a06d6f46f43ffe56f4d,707603014571262033,191a76bec115457e9ea56d2c8628394d,2022-05-05T17:31:50.805Z,claragromaches | dOrg#7166,DISCORD,2022-05-05T17:31:50.805Z,null
62740d36d6f46f43ffe57156,831177996454199366,60183f5dbafe3f2312d94b35ddfeeff6,2022-05-05T17:45:26.131Z,Naiyoma#9053,DISCORD,2022-05-05T17:45:26.131Z,null
62740d4cd6f46f43ffe57168,614457715070074890,null,2022-05-05T17:45:48.189Z,const#3074,DISCORD,2022-06-12T03:44:56.061Z,62740df1d6f46f43ffe571e6
6274161cd6f46f43ffe577fe,928678643822112868,8b194bd5ff48bbc4f8fa2d00731700bc,2022-05-05T18:23:24.723Z,Incandenza#1594,DISCORD,2022-06-12T03:44:13.737Z,62742b7bd6f46f43ffe5888e
62741a4fd6f46f43ffe57ad5,971838380541345862,null,2022-05-05T18:41:19.195Z,myninluba#4345,DISCORD,2022-05-05T20:16:48.521Z,62741b68d6f46f43ffe57b90
627430afd6f46f43ffe58bc4,967566055713144862,null,2022-05-05T20:16:47.520Z,Nanda Eorl#6256,DISCORD,2022-06-12T22:05:08.026Z,null
62752c59d6f46f43ffe6278c,952917586033651712,null,2022-05-06T14:10:33.694Z,SuperPat#6965,DISCORD,2022-05-06T14:10:33.694Z,null
6275353dd6f46f43ffe62de6,784211400851587092,f7598e91337048289d104927fb3eefae,2022-05-06T14:48:29.725Z,Davide | ValueUnbanking#1449,DISCORD,2022-06-09T18:02:24.071Z,62754243d6f46f43ffe63996
627884fdd6f46f43ffe92653,791536857716490281,d8693c75d16cfb38c174ed54b905c74f,2022-05-09T03:05:33.899Z,JoseK#8457,DISCORD,2022-05-09T03:05:33.899Z,null
62799c58d6f46f43ffea4bdc,778781642261004288,772292e7560ab8b8308daedd656dfa37,2022-05-09T22:57:28.081Z,Noing#4474,DISCORD,2022-05-14T21:38:07.271Z,null
627a459cd6f46f43ffedce1f,969690330096087081,301ff7b648a1b09be6c729d0333b9279,2022-05-10T10:59:40.833Z,MaxCaspar#6907,DISCORD,2022-05-10T14:10:19.232Z,627a724bd6f46f43ffedfc0e
627bbc4dd6f46f43fff01585,707131341141049344,73f8c9b8a762ace405ddf130a0a29839,2022-05-11T13:38:21.543Z,danilowhk#8056,DISCORD,2022-05-11T13:38:21.543Z,null
627cce2db9525fb4ac8e4ea7,235550947844161536,a54b5acd94b4469c74b5ccd0641d3a58,2022-05-12T09:06:53.086Z,Jack Hayter#0036,DISCORD,2022-05-13T23:09:21.450Z,627ee521b9525fb4ac8f6522
627d66fdb9525fb4ac8ec097,312716156589047818,c4eb842fd22388e527e67c7b7217158c,2022-05-12T19:58:53.015Z,TheBluePlague#5398,DISCORD,2022-05-12T19:58:53.015Z,null
62828719b9525fb4ac90faca,905098916868001812,5fb1bb8ac011437b4d1c44794536b1b5,2022-05-16T17:17:13.388Z,blume#0146,DISCORD,2022-05-31T21:16:00.369Z,62828ce4b9525fb4ac9104e7
62868935b9525fb4ac93a4d2,811924666650329098,null,2022-05-19T18:15:17.530Z,Vitor Marthendal#5733,DISCORD,2022-05-19T18:15:17.530Z,null
62868970b9525fb4ac93a504,387024740440866817,2cfbf88fb049937d6b3e5840500bfe58,2022-05-19T18:16:16.041Z,catman#2461,DISCORD,2022-05-19T18:16:16.041Z,null
62868e17b9525fb4ac93a71c,483139203572432897,b7dfc5c4a0d1c2ac84a8beb58748757a,2022-05-19T18:36:07.428Z,adriel#9839,DISCORD,2022-05-19T18:38:46.692Z,62868eb6b9525fb4ac93a762
62881247b9525fb4ac95405d,828141948359278613,null,2022-05-20T22:12:23.879Z,friendlyamendment#0430,DISCORD,2022-05-20T22:12:43.109Z,6288125bb9525fb4ac954067
628d58a0b9525fb4ac97fb41,275681329155407873,fdb09a592b48ed7019680d6f8a8c8f36,2022-05-24T22:13:52.933Z,ffstrauf | UTC +11#6687,DISCORD,2022-05-24T22:13:52.933Z,null
628fce46b9525fb4ac9a1a97,878585084234571786,71aba59633c6f285b868ed8f2d254505,2022-05-26T19:00:22.315Z,Lovis#5529,DISCORD,2022-05-26T19:08:06.460Z,null
628fe8edb9525fb4ac9a25cf,958860033326714910,null,2022-05-26T20:54:05.256Z,Urban Acupuncture Fund#3406,DISCORD,2022-06-13T16:10:57.076Z,62950cb1b9525fb4ac9ccef9
6290167cb9525fb4ac9a67e7,808372197688082484,null,2022-05-27T00:08:28.622Z,Yass#3392,DISCORD,2022-06-01T19:21:03.035Z,null
6290e995b9525fb4ac9ac364,825475023866167357,a85ec205e7cc0d00afe557809828ab34,2022-05-27T15:09:09.711Z,Contessa#6497,DISCORD,2022-06-13T03:40:05.328Z,null
6290f6f3b9525fb4ac9ac907,948022407497678898,null,2022-05-27T16:06:11.376Z,Kind Koala#6685,DISCORD,2022-05-27T16:56:44.384Z,62910211b9525fb4ac9acda5
6296858cb9525fb4ac9d6c13,651608984788271106,a60d99225761e4f2d590b86f5b16ba80,2022-05-31T21:15:56.411Z,UGX#4865,DISCORD,2022-05-31T21:15:56.411Z,null
6296858eb9525fb4ac9d6c22,852863761320509471,830aa38fd9f070f046aff210579e869e,2022-05-31T21:15:58.391Z,makkiyzy#9575,DISCORD,2022-05-31T21:15:58.391Z,null
629f04e5b85a03696d4e8dae,825651118452375553,0d899a098a1d6fe61c92a5ae1c09b6d4,2022-06-07T07:57:25.354Z,MoeShehab#3487,DISCORD,2022-06-07T07:58:41.972Z,629f051ab85a03696d4e8dca
629f9eedb85a03696d4f4431,802229845051441184,111b9f6a8f92b4c4054317a226f33ad3,2022-06-07T18:54:37.305Z,zache#1641,DISCORD,2022-06-07T18:54:37.305Z,null
629f9eeeb85a03696d4f4438,826922641134714920,56b51e5027883538b39bf039c96920c2,2022-06-07T18:54:38.569Z,Rani / DuskNeurons [GMT+3]#9493,DISCORD,2022-06-07T18:54:38.569Z,null
62a183c9b85a03696d5064e7,221528381324263425,646991c8e25169b9fc2f569144be328e,2022-06-09T05:23:21.817Z,HellRazor001#7595,DISCORD,2022-06-10T09:14:30.427Z,62a186e6b85a03696d506636
62a22e2cb85a03696d50ce3e,895772262513401919,ef246d9de98336c9cfd459eb8f675797,2022-06-09T17:30:20.168Z,Adebolaü§¥#2399,DISCORD,2022-06-10T09:18:39.579Z,62a22ed6b85a03696d50ce94
62a22ec1b85a03696d50ce85,904408645461225483,91bf6e1c3f067067e9df1181d5d7877b,2022-06-09T17:32:49.475Z,sagitario#4992,DISCORD,2022-06-10T17:10:16.590Z,62a23194b85a03696d50d003
62a2355fb85a03696d50d1dd,619263448479432759,a7bc7f2da4d4e3fb50e389ec8a8d3dd0,2022-06-09T18:01:03.699Z,Mark D#6686,DISCORD,2022-06-09T18:02:46.452Z,null
62a23562b85a03696d50d1ef,959492027563786290,null,2022-06-09T18:01:06.368Z,Rajath#6315,DISCORD,2022-06-09T18:01:22.008Z,null
62a23a5ab85a03696d50d516,230839629119488010,449f6a48fcf846bb2c8ebbba015d048a,2022-06-09T18:22:18.518Z,dkwOLF#5364,DISCORD,2022-06-09T18:22:18.518Z,null
62a56f24b85a03696d522f68,639148955032354836,75a43bb349c709d3735073a660655392,2022-06-12T04:44:20.962Z,Cotabe#4096,DISCORD,2022-06-12T04:45:12.500Z,null
62a66312b85a03696d5295f4,846107808751419413,null,2022-06-12T22:05:06.981Z,raluca#2780,DISCORD,2022-06-12T22:18:00.196Z,null
62a66314b85a03696d529604,971818185940672532,null,2022-06-12T22:05:08.831Z,Itzel Barrera#5058,DISCORD,2022-06-12T22:19:48.508Z,null
62a666bcb85a03696d529857,967573833458536449,null,2022-06-12T22:20:44.099Z,Nanda Eorl#1175,DISCORD,2022-06-12T22:21:54.643Z,null
62a6b18bb85a03696d52b7dd,131146551295868928,54f2d58322e897eebf0bda3fb4e3bdbd,2022-06-13T03:39:55.762Z,nintynick#2222,DISCORD,2022-06-13T16:38:46.997Z,62a76816b85a03696d530b78
62a6b196b85a03696d52b82d,869693858219450408,99406491ae421fbeebbe40a02431c4e2,2022-06-13T03:40:06.014Z,fabiancep#1110,DISCORD,2022-06-13T03:40:06.014Z,null
62a6b197b85a03696d52b834,891783783337046089,c92795281b95c24e93dfc738d818a632,2022-06-13T03:40:07.125Z,alexsotodigital#7208,DISCORD,2022-06-13T03:40:07.125Z,null
62a8db7eb85a03696d5407db,938551729824342026,8d092d06390421ea5ade6afbc3182d8a,2022-06-14T19:03:26.489Z,temitope#8944,DISCORD,2022-06-14T19:03:26.489Z,null
62aa6777b85a03696d54ac22,821220043852611584,0a93676f2851764798c30ae27cae8fb8,2022-06-15T23:12:55.720Z,Marcelo A. Silva#6040,DISCORD,2022-06-15T23:12:55.720Z,null